period,sentetik_zincir_endeks
1977-03,108.19000000000001
1977-04,108.79997522
1977-05,112.01000968889088
1977-06,113.30002897047784
1977-07,117.36002220860593
1977-08,120.34002789252686
1977-09,121.99999823727636
1977-10,129.91999412284386
1977-11,131.26999278177433
1977-12,130.9200269810181
1978-01,133.30002215150608
1978-02,135.6699632453377
1978-03,135.99991259595035
1978-04,138.5799669378081
1978-05,148.22000517790286
1978-06,148.690010814322
1978-07,150.0500783432406
1978-08,150.51013188344098
1978-09,158.44020971211572
1978-10,170.6502460333702
1978-11,172.33029770556874
1978-12,173.350320737688
1979-01,186.73036524382644
1979-02,190.79044357532297
1979-03,196.21041849641074
1979-04,206.11041137206564
1979-05,208.65051608181497
1979-06,234.98054200721134
1979-07,244.92045391465837
1979-08,257.01046228124767
1979-09,274.320373926352
1979-10,286.9703836495918
1979-11,299.880320298836
1979-12,307.97019169953774
1980-01,357.31009611172067
1980-02,395.00023697987325
1980-03,398.70020419966374
1980-04,399.73004682711155
1980-05,413.060244428702
1980-06,472.2302983226247
1980-07,473.6904344050383
1980-08,489.0702154293011
1980-09,516.5002075318688
1980-10,543.4201983484297
1980-11,579.270172253674
1980-12,594.2999161429678
1981-01,621.4998347049991
1981-02,645.7296272608081
1981-03,657.9694323455368
1981-04,628.5996507939292
1981-05,647.3796939610486
1981-06,674.2194086929796
1981-07,668.9497097946353
1981-08,724.5695334155103
1981-09,753.3298719053719
1981-10,805.8399772966638
1981-11,878.6999988439417
1981-12,848.9199771831217
1982-01,864.1402634540377
1982-02,901.2101524756891
1982-03,857.7501940827016
1982-04,860.669975743359
1982-05,909.2900833430772
1982-06,938.0000084345514
1982-07,938.98959844345
1982-08,996.6398038294841
1982-09,1028.9000376396405
1982-10,1084.760049583134
1982-11,1102.2897719843975
1982-12,1130.720029783419
1983-01,1186.2395139658145
1983-02,1203.1197022495478
1983-03,1229.5101329183917
1983-04,1232.7007117133148
1983-05,1248.6703494335611
1983-06,1275.7202952133405
1983-07,1285.6607077536428
1983-08,1314.8902039444217
1983-09,1337.499741001246
1983-10,1398.4990916890902
1983-11,1456.3284276295255
1983-12,1513.2184413264454
1984-01,1655.848358732111
1984-02,1682.7575504098666
1984-03,1712.2882626620096
1984-04,1765.9684996964638
1984-05,1857.44919991774
1984-06,1943.0887527291475
1984-07,1978.2489437097813
1984-08,2029.9583928494117
1984-09,2098.4390392321866
1984-10,2229.7698465025333
1984-11,2397.919020397135
1984-12,2583.410046219955
1985-01,2586.6393087777305
1985-02,2648.589320222957
1985-03,2736.0086593262363
1985-04,2812.999942999677
1985-05,2899.871007239393
1985-06,2933.7617997009993
1985-07,3003.2831530685144
1985-08,3669.2641955446106
1985-09,3816.3429815588215
1985-10,3932.1728073921136
1985-11,3817.5421057110184
1985-12,3695.2013338492984
1986-01,3957.3832588885734
1986-02,4121.531559084014
1986-03,4397.6824166057595
1986-04,4402.76173979694
1986-05,4459.632213189897
1986-06,4473.70235282251
1986-07,4868.600533208506
1986-08,5042.969461305368
1986-09,5050.438099077563
1986-10,5129.305740432757
1986-11,5227.926901904057
1986-12,5472.097227857487
1987-01,5646.115391800584
1987-02,5714.755216618706
1987-03,5967.1073774741535
1987-04,6019.265863060655
1987-05,6093.32691023975
1987-06,6408.73579109449
1987-07,6529.835262603014
1987-08,6554.054421592011
1987-09,6809.007138591942
1987-10,7362.388766759588
1987-11,7573.387466426154
1987-12,7825.467668246147
1988-01,8457.76545584043
1988-02,9162.415727028321
1988-03,9712.188157897204
1988-04,9905.48012661568
1988-05,10058.083953446316
1988-06,10286.583504700713
1988-07,10677.072501122655
1988-08,11325.800749218362
1988-09,11590.303499915606
1988-10,12015.227206829513
1988-11,12353.299654748074
1988-12,12721.885056546793
1989-01,13448.088421229659
1989-02,14512.343242708928
1989-03,14816.754154567994
1989-04,15366.100131602758
1989-05,15787.11590910854
1989-06,15924.069139620058
1989-07,16896.774978944617
1989-08,17865.568469137394
1989-09,18030.682052929158
1989-10,18315.53076800134
1989-11,18822.742761559603
1989-12,19313.282260668602
1990-01,20556.74862573949
1990-02,22574.94853556871
1990-03,23334.798728327412
1990-04,24145.519640545685
1990-05,24779.387822149292
1990-06,25536.10076746209
1990-07,26157.445171335985
1990-08,29161.653906709096
1990-09,30551.46917024894
1990-10,31283.146305407245
1990-11,31988.205856838515
1990-12,32719.104372461403
1991-01,33808.42151433377
1991-02,34821.828949225936
1991-03,36213.20476855015
1991-04,37695.37502652216
1991-05,38603.117352535824
1991-06,40512.54334614431
1991-07,41482.13004604758
1991-08,42263.902268895385
1991-09,44124.02113555402
1991-10,45500.514098898784
1991-11,46628.972349065574
1991-12,47878.67543699289
1992-01,51430.65073163709
1992-02,56630.700965811455
1992-03,58550.311836449575
1992-04,60109.91649283709
1992-05,61343.973078435054
1992-06,62479.45002011687
1992-07,64453.80064075256
1992-08,66577.617825666
1992-09,69042.65412566131
1992-10,71887.21147563856
1992-11,74651.13098245392
1992-12,78219.52969454623
1993-01,82075.90894754678
1993-02,87700.07853226845
1993-03,92190.32255312058
1993-04,94255.47796863307
1993-05,95697.68103703117
1993-06,98042.94410620572
1993-07,102878.32406657965
1993-08,107787.26617774062
1993-09,109869.6083730284
1993-10,112647.6614207404
1993-11,118009.69010436768
1993-12,126058.18698886578
1994-01,132133.9394853551
1994-02,144172.6627118658
1994-03,175966.77167438818
1994-04,210305.80733278662
1994-05,263943.25196397706
1994-06,272833.1246333759
1994-07,285698.2977923382
1994-08,314246.41450094
1994-09,335465.90364011587
1994-10,351864.1479418519
1994-11,369211.7541636811
1994-12,397090.933720581
1995-01,434957.5251601759
1995-02,464685.1321747732
1995-03,500063.9347129
1995-04,505735.1597964791
1995-05,514769.10695592343
1995-06,522613.15860771784
1995-07,558655.175091099
1995-08,597838.1317616383
1995-09,635800.8531285026
1995-10,650543.8033108468
1995-11,663924.8388011481
1995-12,683589.6286015995
1996-01,729695.0146922627
1996-02,777513.388395076
1996-03,810388.2094831968
1996-04,840412.2822563393
1996-05,892740.5530110298
1996-06,933460.2351149684
1996-07,1012357.2276471206
1996-08,1099302.515786366
1996-09,1141575.0947284151
1996-10,1185844.2353268873
1996-11,1229841.4281459854
1996-12,1282023.59994222
1997-01,1348563.1888264215
1997-02,1461950.381742948
1997-03,1592705.7619356548
1997-04,1654749.614891857
1997-05,1702590.0810079959
1997-06,1721213.0113140617
1997-07,1790770.6715272856
1997-08,1933881.9005130609
1997-09,2007897.3624913974
1997-10,2108617.50998869
1997-11,2226111.7862627693
1997-12,2329109.526389577
1998-01,2437261.727247475
1998-02,2634506.8815718843
1998-03,2770544.9134156136
1998-04,2897568.8566058907
1998-05,3010014.811224197
1998-06,3093073.159925117
1998-07,3184325.004289225
1998-08,3350502.188963064
1998-09,3564260.8781167204
1998-10,3635114.8201128026
1998-11,3751700.222623457
1998-12,3877821.129007392
1999-01,4065934.2319755415
1999-02,4247937.646001461
1999-03,4479858.049722554
1999-04,4609249.789772693
1999-05,4692432.920728723
1999-06,4801724.375885412
1999-07,4895915.001242776
1999-08,5198888.909264682
1999-09,5541937.593942513
1999-10,5718653.358000552
1999-11,5823481.992706056
1999-12,6022313.1383830225
2000-01,6282940.784072828
2000-02,6663580.185594317
2000-03,7020095.052683979
2000-04,7213709.274237008
2000-05,7289085.322443508
2000-06,7547388.639014944
2000-07,7961876.1282923715
2000-08,8362223.145651295
2000-09,8606818.172661595
2000-10,8817332.338346723
2000-11,8982727.858349439
2000-12,9228315.637996716
2001-01,9468251.844584633
2001-02,9780704.155455919
2001-03,10465353.446337832
2001-04,12066552.523627512
2001-05,12428549.099336334
2001-06,12863548.317813106
2001-07,13236591.21902969
2001-08,13924893.962419229
2001-09,14746462.706201954
2001-10,15616504.00586786
2001-11,15881984.573967604
2001-12,16342562.126612667
2002-01,16636728.244891696
2002-02,16969462.80978953
2002-03,17359760.4544147
2002-04,17533358.05895886
2002-05,17533358.05895886
2002-06,17673624.923430525
2002-07,18186160.046210013
2002-08,18804489.48778114
2002-09,19086556.83009786
2002-10,19716413.20549108
2002-11,19913577.337546002
2002-12,20331762.46163447
2003-01,21023042.38533003
2003-02,21548618.444963273
2003-03,21958042.195417564
2003-04,22353286.95493508
2003-05,22979178.98967326
2003-06,22197886.904024366
2003-07,21753929.16594388
2003-08,21797437.02427575
2003-09,22189790.890712712
2003-10,22544827.544964127
2003-11,22725186.16532383
2003-12,22906987.65464641
2004-01,23067336.56822895
2004-02,22975067.22195604
2004-03,23319693.230285384
2004-04,23459611.389667083
2004-05,23975722.840239767
2004-06,23879819.94887881
2004-07,23879819.94887881
2004-08,24405175.987754155
2004-09,24844469.155533727
2004-10,25263172.994211935
2004-11,25414752.03217719
2004-12,25567240.54437024
2005-01,25337135.379470922
2005-02,25335513.802806623
2005-03,25342633.082185186
2005-04,25697429.945335798
2005-05,25541472.24299757
2005-06,25470390.325745296
2005-07,25521331.106396765
2005-08,25699980.424141556
2005-09,26085480.130503688
2005-10,26223681.004235104
2005-11,26180490.60162111
2005-12,26285212.564027596
2006-01,26548064.689667888
2006-02,26468420.49559889
2006-03,26936858.60152998
2006-04,27394785.197755966
2006-05,27942680.90171109
2006-06,28501534.519745316
2006-07,28957160.050577983
2006-08,29565810.597681068
2006-09,30452784.91561149
2006-10,31153198.968670577
2006-11,31277811.76454526
2006-12,31309089.576309808
2007-01,31716107.74080181
2007-02,31938120.494987443
2007-03,32396017.32852406
2007-04,32623502.162204944
2007-05,32645066.29713419
2007-06,32372447.348486807
2007-07,32439005.10023531
2007-08,33164114.181240834
2007-09,33705153.53999363
2007-10,34219056.016017936
2007-11,34124611.4214137
2007-12,34261109.86709935
2008-01,34812336.86375108
2008-02,35008539.19431517
2008-03,35552326.83362049
2008-04,36413546.398838125
2008-05,36975261.76558661
2008-06,37615340.5220107
2008-07,38206804.136378825
2008-08,38125767.50480555
2008-09,39150359.380729675
2008-10,39621886.30911121
2008-11,39895356.56841671
2008-12,39246059.640265726
2009-01,39217723.985205494
2009-02,39267334.406046756
2009-03,39660596.76012332
2009-04,39710212.16667025
2009-05,40238119.727213964
2009-06,40518016.08803645
2009-07,39568476.381013334
2009-08,40241140.47949053
2009-09,40522828.46284699
2009-10,41130670.8897897
2009-11,41583108.26957737
2009-12,41458358.944768645
2010-01,41347789.50146296
2010-02,41327115.606712215
2010-03,41456717.44125484
2010-04,41751060.13508777
2010-05,41575705.682520375
2010-06,41588178.39422514
2010-07,41841866.28242991
2010-08,42256100.758625984
2010-09,42530765.41355708
2010-10,42956073.06769268
2010-11,42926003.81654532
2010-12,42814396.206622295
2011-01,43409516.31389432
2011-02,43713382.92809159
2011-03,44475788.03974048
2011-04,44889412.86851007
2011-05,45579363.14429906
2011-06,45358257.6536861
2011-07,45815695.68212353
2011-08,46874038.2523806
2011-09,47258405.366050094
2011-10,47901119.67902841
2011-11,48763339.833250925
2011-12,49109559.54606702
2012-01,48765792.629244536
2012-02,48640025.65005368
2012-03,49092377.88859919
2012-04,50005496.117327094
2012-05,49935488.42276284
2012-06,49461101.28274661
2012-07,48966490.26991916
2012-08,49514914.96094229
2012-09,50366571.49827048
2012-10,50834980.6132044
2012-11,50875648.59769495
2012-12,50870561.03283514
2013-01,51379266.64316353
2013-02,51101818.603290476
2013-03,51204022.240497015
2013-04,51634136.02731719
2013-05,51783875.021796405
2013-06,52545097.98461683
2013-07,52497807.39643064
2013-08,52991286.78595707
2013-09,54072309.03639057
2013-10,54877986.44103276
2013-11,55081034.99086462
2013-12,56061477.41370197
2014-01,57233162.29164833
2014-02,58543801.70812707
2014-03,58877501.37786335
2014-04,59077684.882548034
2014-05,58616878.94046418
2014-06,58798591.26517959
2014-07,58945587.74334252
2014-08,59293366.71102825
2014-09,59328942.73105483
2014-10,60367199.22884833
2014-11,59956702.274092205
2014-12,59692892.78408623
2015-01,59167595.32758627
2015-02,58410250.107393205
2015-03,59444111.534294024
2015-04,60341717.61846191
2015-05,61319253.44388104
2015-06,61589058.159034096
2015-07,60825353.8378621
2015-08,61311956.66856498
2015-09,63139052.97728816
2015-10,64098766.58254295
2015-11,63496238.176667035
2015-12,64328038.89678138
2016-01,64630380.67959628
2016-02,64520509.03244101
2016-03,64385015.96347292
2016-04,65022427.621511325
2016-05,65516598.07143485
2016-06,65817974.422563426
2016-07,66397172.59748203
2016-08,66895151.39196315
2016-09,67296522.30031489
2016-10,68083891.6112286
2016-11,69057491.26126918
2016-12,70880609.03056665
2017-01,72695152.62174918
2017-02,73712884.7584537
2017-03,74147790.7785286
2017-04,75519524.90793134
2017-05,75814051.05507225
2017-06,76329586.60224669
2017-07,77474530.4012804
2017-08,77799923.4289658
2017-09,78196703.0384536
2017-10,78916112.70640734
2017-11,79949913.78286129
2017-12,81301067.32579172
2018-01,81122204.97767496
2018-02,82428272.47781554
2018-03,83145398.4483726
2018-04,85431896.90570284
2018-05,88550161.14276099
2018-06,91153535.88035813
2018-07,93213605.79125416
2018-08,101062191.39887773
2018-09,107328047.26560819
2018-10,109023830.41240475
2018-11,107279449.1258062
2018-12,105680985.33383161
2019-01,106241094.55610092
2019-02,106081732.91426669
2019-03,107492619.96202642
2019-04,111738578.4505265
2019-05,112263749.76924402
2019-06,113689499.39131336
2019-07,114905977.03480045
2019-08,115342619.7475326
2019-09,117511060.99878621
2019-10,117017514.54259124
2019-11,116467532.22424099
2019-12,118016550.40282334
2020-01,120018937.21350808
2020-02,120763534.69998068
2020-03,121326655.06228673
2020-04,121051364.88195032
2020-05,121958644.86174059
2020-06,123185060.99447021
2020-07,125619197.79972103
2020-08,128485074.17832386
2020-09,130643880.39466801
2020-10,132008063.79374918
2020-11,135193154.35696474
2020-12,135750014.959761
2021-01,136407045.03216627
2021-02,136375807.8188538
2021-03,138278113.96211892
2021-04,140962645.26657957
2021-05,143246663.00783393
2021-06,147739594.59307477
2021-07,151037290.08398673
2021-08,154873184.14024985
2021-09,158095785.35584018
2021-10,163208128.76689187
2021-11,172218849.5561121
2021-12,198318788.42519036
2022-01,209188046.26240993
2022-02,224068428.74524024
2022-03,253315856.68092793
2022-04,266149851.24381036
2022-05,283802240.1275559
2022-06,310878392.84692544
2022-07,327078887.6549647
2022-08,337904217.59968084
2022-09,348322818.3409317
2022-10,360224660.72082305
2022-11,369154269.8354316
2022-12,385749230.8816134
2023-01,395855089.2322497
2023-02,414258392.3306572
2023-03,422969003.54619426
2023-04,445377055.4160643
2023-05,461496141.8056826
2023-06,514296838.38195455
2023-07,565220454.1311822
2023-08,611257094.899713
2023-09,631231142.9897511
2023-10,643352043.3974403
2023-11,671817154.5575604
2023-12,708360648.6797186
2024-01,735536904.9663163
2024-02,769314966.2530844
2024-03,822460013.4368136
2024-04,871149646.2322725
2024-05,901630301.2042927
2024-06,942022437.0679449
2024-07,975080830.4519689
2024-08,1007069332.1757764
2024-09,1032499846.9518784
2024-10,1065732919.52572
2024-11,1074074411.0868485
2024-12,1085882785.1623375
2025-01,1107765495.0489283
2025-02,1131644488.060203
2025-03,1180065292.4153228
2025-04,1227947621.7203686
2025-05,1261206583.0546632
2025-06,1279071574.303634
2025-07,1319601515.2785952
2025-08,1363748783.9722383
2025-09,1437218022.2111735
2025-10,1452899508.0515184
2025-11,1464707222.3534558
2025-12,1514297814.7806785
2026-01,1544202168.0269663
2026-02,1586791263.8211484
2026-03,1621376966.207397
2026-04,1696354301.2557263
2026-05,1731372143.096547
2026-06,1770963429.8927329
2026-07,1822321369.3596225
2026-08,1877798298.807035
2026-09,1940452916.845027
