model,hedef,n,MAE,RMSE,ME,MAPE,en_kotu_hata,en_kotu_donem,MASE,MASE_payda_n
Ridge_wtum,c12,104,17.303375248817655,28.555146835113455,-8.319269810408363,54.45310727081668,95.28507309792697,2022-09,2.2291568147932765,40
ElasticNet_wtum,c12,104,17.320537646760247,28.76398105612885,-8.460098898519865,56.262540892502976,95.27231082723404,2022-09,2.2389937529527146,40
BIRLESIM_mean_3,c12,104,17.935571374386836,30.022733876361077,-12.372399541960023,50.11168008761727,98.56068792969862,2022-09,2.2570620785306064,40
BIRLESIM_median_3,c12,104,18.045955978334916,30.31536466694382,-12.44299212420494,51.61849884630001,99.9837598640208,2022-09,2.3070279400101223,40
SARIMA_wtum,c12,104,18.61031409543166,29.64195803357332,-7.742874554526992,59.690441339623945,93.28473444327645,2022-09,2.369764862198989,40
LightGBM_wtum,c12,104,19.037941752230367,30.491629050721432,-9.91770531695613,67.70824269835478,99.5778175333559,2022-09,2.40229356362359,40
ETS_damped_seasonal_wtum,c12,104,19.918087802216704,31.672383719633455,-9.311343782402751,56.966042946363636,98.89877541138547,2022-09,2.5311272388876387,40
ortalama_12ay,c12,104,20.619029972535106,31.7386741590975,-9.176293610748981,62.64175640840638,99.31113633424451,2022-09,2.6340066758933034,40
naive_mevsimsel_12,c12,104,20.61902997253511,31.7386741590975,-9.176293610748981,62.64175640840638,99.31113633424452,2022-09,2.6340066758933034,40
AutoTheta_wtum,c12,104,20.834602991897786,32.62960078216324,-8.547547727941167,61.779123835325635,97.49964979658412,2022-09,2.610371367646062,40
UCM_llt_seasonal_wtum,c12,104,20.88343342694477,32.6372284363887,-8.9542573607423,60.972342505226116,98.93764004967028,2022-09,2.6301010767158317,40
SARIMA_w60,c12,104,21.138348918226498,33.62318140259511,-18.269048709380886,46.32360789263371,100.7516645723939,2022-09,2.5827658400899804,40
Ridge_sepet_wtum,c12,104,21.403054369776196,34.480190005608556,-15.99772313155246,57.13181087178755,102.19003795282961,2022-10,2.6380735088346694,40
Ridge_w120,c12,104,22.369536754471184,35.29270494681626,-20.454425243440646,52.32984529083169,104.09650893375854,2022-10,2.8523579021077294,40
SARIMA_w120,c12,104,23.25322355449596,36.91999504857176,-20.986283094956182,47.02389902406679,106.4025124219382,2022-09,2.808194062999844,40
ortalama_6ay,c12,104,24.190584825899936,37.01011495910946,-6.045364032263757,74.93791291567359,108.95092128997953,2023-05,3.006066449741413,40
LightGBM_sepet_wtum,c12,104,24.933025485458664,38.05309370596556,-19.88253437233764,60.005027628866415,103.79435885493172,2022-10,2.7747958644090085,40
LightGBM_w120,c12,104,25.23825132704303,38.93641440901927,-24.602087661428335,48.89720056936276,105.96865348120187,2022-10,2.9779532123311263,40
AutoTheta_w120,c12,104,28.11677138906979,48.423965673464274,-1.122098132202572,77.16270033341068,281.7885790637306,2022-12,3.4022729387299706,40
ortalama_3ay,c12,104,29.240344736931792,42.272268836730085,-2.7506341663708573,97.41046170133393,143.01411645901243,2024-08,3.549846994584304,40
ETS_damped_seasonal_w120,c12,104,30.19470753771341,54.632164043100445,-1.116930400945334,80.74147742026075,360.39325653945207,2022-12,3.7412476230826455,40
AutoTheta_w60,c12,104,30.438681944623912,54.61645888267817,1.1761271576797063,89.34394739238687,354.2671080819696,2022-12,3.7247894450035073,40
UCM_llt_seasonal_w120,c12,104,31.24668945100389,58.17868781595497,1.6903007111930617,87.2220919646218,372.62247320989275,2022-12,3.79919761017433,40
ETS_damped_seasonal_w60,c12,104,32.29898855523625,58.59151785512044,2.2952847884774745,93.95069580245416,380.8503556467284,2022-12,4.047083253845616,40
naive_son_ay,c12,104,34.22801112979177,61.879480038862326,2.024738200081163,115.61568651550633,349.23888721186006,2022-12,4.104171058276751,40
BIRLESIM_mean_3,c6,110,7.723182662216834,12.983304082738893,-3.9659069145255343,170.87713015910217,51.17641380717257,2022-04,1.5778342593070949,49
BIRLESIM_median_3,c6,110,7.857726369623296,13.244229348398555,-4.006933286606868,182.72804093592626,51.47323479726669,2022-04,1.6131307420019647,49
Ridge_wtum,c6,110,8.036808102482784,13.068514147377133,-2.654274363092137,184.8094323396177,50.28523023494884,2022-04,1.6188031837073946,49
ElasticNet_wtum,c6,110,8.037180835081136,12.93902601808281,-2.6228220850153727,182.86111149038936,50.147244669016324,2022-04,1.6311939233111914,49
LightGBM_wtum,c6,110,8.216139956725112,13.09378567185821,-2.9423562253090214,206.025019825654,51.245048697644755,2022-04,1.6391391018672894,49
SARIMA_wtum,c6,110,8.370232527397002,13.01190913028681,-2.3796153683627455,196.13225326403128,49.47369205327837,2022-04,1.676102975188195,49
SARIMA_w60,c6,110,8.475835488272814,14.034473120897031,-6.162946686831556,139.40515674609333,51.99242144582676,2022-04,1.736867047567737,49
ETS_damped_seasonal_wtum,c6,110,8.712364901969588,13.787102674407025,-2.9881784709326475,181.55028632258546,52.29982251901471,2022-04,1.7638060001655944,49
Ridge_sepet_wtum,c6,110,8.839010197620981,15.121881414583013,-5.8287992903271,175.82250187959488,55.95610919974571,2022-05,1.7510784987124992,49
UCM_llt_seasonal_wtum,c6,110,8.92779411699103,13.911270483178338,-2.8861645899249684,185.21081560122897,51.67643967370945,2022-04,1.8049131116789372,49
AutoTheta_wtum,c6,110,8.938191577317975,13.833115673645384,-2.7144518885226647,204.09218535432555,51.30566071849759,2022-04,1.7922256362031437,49
ortalama_12ay,c6,110,8.973202550797954,14.182542745024195,-2.961370769804515,160.97453312581263,51.925661687747166,2022-05,1.8286600401229087,49
Ridge_w120,c6,110,9.333594037836447,15.42699422657568,-7.545902367290391,131.37564135646508,56.272635190863966,2022-05,1.9454508400610069,49
SARIMA_w120,c6,110,9.727645402716313,15.576333837287613,-7.622517606869684,111.41307583465354,54.639966707912265,2022-04,1.8993888738322806,49
AutoTheta_w120,c6,110,9.946790458468795,15.84236565802283,-0.7692815050501002,272.5738383993278,61.120816657120386,2022-06,1.967583807328311,49
ETS_damped_seasonal_w120,c6,110,10.23887549092175,16.947639693331503,-1.102997712716432,263.68630663166044,77.18532763327633,2022-06,2.0738726731696344,49
ortalama_6ay,c6,110,10.27229245681677,14.96589556687548,-1.7443650302081988,246.23142631925302,47.29277470746801,2022-04,2.0049106529365237,49
UCM_llt_seasonal_w120,c6,110,10.428522077817766,17.197196718495558,-0.32372179127821565,294.22769305255423,77.4294907743172,2022-06,2.078598862653948,49
ortalama_3ay,c6,110,10.626559522037486,15.419757594314376,-1.1560500986075066,317.1612729781338,49.575317917478124,2024-02,2.0419532573542236,49
AutoTheta_w60,c6,110,10.63275968875261,16.88398230948589,-0.20858369176675715,312.7670066427817,76.88112811019849,2022-06,2.085916281607677,49
LightGBM_w120,c6,110,10.740302225069808,17.244333908215708,-10.045442913486024,84.38112530630848,57.494285519583116,2022-05,2.064181569266971,49
LightGBM_sepet_wtum,c6,110,10.894195364617579,17.005920989325702,-8.080055570803946,120.67426129940237,56.44029585420476,2022-05,1.933930592811792,49
naive_mevsimsel_12,c6,110,10.93624867105753,16.990350067015335,-3.762172683623641,107.19867558033145,58.83458585122847,2022-05,2.165025217186878,49
ETS_damped_seasonal_w60,c6,110,10.985675911642641,17.834023512099357,0.1579619185010664,315.78850255993143,79.64701328347726,2022-06,2.228846826492086,49
naive_son_ay,c6,110,11.887977704511954,19.091621461376135,-0.3499259002435574,361.2921707767665,76.42726400758087,2022-06,2.2428644208792528,49
BIRLESIM_mean_3,m1,115,1.4183601818084692,2.2227618918627594,-0.25253464434269207,149.08694943166867,12.255444335464778,2021-12,0.8910089449656478,57
BIRLESIM_median_3,m1,115,1.4277099954514847,2.253546990746089,-0.2785984641175554,154.6036826736338,12.599867546622217,2021-12,0.8968973509505321,57
ElasticNet_wtum,m1,115,1.4336705023043184,2.2178513005028395,-0.14303547339264702,154.13169932711793,12.217423208270953,2021-12,0.9015030376759735,57
SARIMA_wtum,m1,115,1.436860818913139,2.260120813606553,-0.18871959197256627,155.21704829239368,12.557448731065287,2021-12,0.8991194749180967,57
SARIMA_w60,m1,115,1.4570157013526,2.3107434439893786,-0.4231251959294327,120.5797628390199,11.528804591449415,2021-12,0.9041581161369926,57
LightGBM_wtum,m1,115,1.461882490486027,2.315215493479284,-0.1866268238744512,161.86684195943957,12.633832115490339,2021-12,0.9248451297863568,57
ortalama_3ay,m1,115,1.497538050063235,2.2705016002655367,-0.08429809961277694,138.24403091627144,11.55309696270071,2021-12,0.9181764343133917,57
Ridge_sepet_wtum,m1,115,1.4995248786696276,2.406937227608169,-0.4746342285905447,135.14378392816727,12.577049612110573,2021-12,0.9525372711656156,57
SARIMA_w120,m1,115,1.4998989254558224,2.340903814100706,-0.6020108181497267,111.92180886862866,11.81403703919832,2021-12,0.9368899010317161,57
Ridge_wtum,m1,115,1.5133866190557062,2.294597771291234,-0.1424440809296465,177.4048575462329,12.599867546622217,2021-12,0.9545358448321062,57
Ridge_w120,m1,115,1.520407768134268,2.387362608469939,-0.6217533878632376,106.02599311166661,12.799404166388332,2021-12,0.982415650920101,57
AutoTheta_w120,m1,115,1.5332432784582506,2.3476001490939358,-0.05141433378662227,148.44590282036597,11.334211892331796,2021-12,0.9584003736920502,57
AutoTheta_w60,m1,115,1.5347372148524236,2.364886047634327,-0.011623870228665437,117.68099584872573,10.378537035884552,2021-12,0.955341457535604,57
ortalama_6ay,m1,115,1.5653891714110921,2.3560335393961958,-0.14366318389774232,158.48168644205128,12.037524101576448,2021-12,0.9706766837818517,57
UCM_llt_seasonal_w120,m1,115,1.57610934086005,2.4135456503116117,-0.03186961102348703,120.1889074763465,10.74616043450953,2021-12,1.011546053030545,57
ETS_damped_seasonal_w120,m1,115,1.5895562716944813,2.433587262380417,-0.12226248651506479,121.62531794454048,10.911692862520912,2021-12,1.0263532951048773,57
naive_son_ay,m1,115,1.6024765217391304,2.4088782715829264,-0.036179130434782616,121.1766560612956,9.674399999999999,2022-01,0.9918116827824367,57
UCM_llt_seasonal_wtum,m1,115,1.6136799098522485,2.3918808883009164,-0.26778777653250874,164.4779347356009,13.085376600307372,2021-12,1.026890131619012,57
ortalama_12ay,m1,115,1.6260124638804447,2.4671630648971994,-0.2633345915391627,147.24619445770563,13.117438110425637,2021-12,1.0109599137223204,57
AutoTheta_wtum,m1,115,1.6547909444276534,2.4295856950771877,-0.23557046266210338,184.45081816764807,13.271446741126347,2021-12,1.0454294557801875,57
ETS_damped_seasonal_wtum,m1,115,1.6701382189955627,2.46588502815078,-0.27548003169105506,187.40599121351647,13.642058301439363,2021-12,1.0595273009277726,57
ETS_damped_seasonal_w60,m1,115,1.6718930520325637,2.492704964562453,0.02321559622636802,140.4587425877154,10.420193350122936,2021-12,1.0711520781885246,57
LightGBM_w120,m1,115,1.7771320192804896,2.9065865855728,-1.3489417051882948,121.20077538373471,13.960562780953943,2021-12,1.1000242991072722,57
LightGBM_sepet_wtum,m1,115,1.7783083558469515,2.8803324423361,-1.0603598426075738,148.93708329939278,13.811243356490701,2021-12,1.0995609226104543,57
naive_mevsimsel_12,m1,115,2.258084347826087,3.4472221412130613,-0.41476086956521746,187.5686624257273,14.7432,2021-12,1.4032659341168385,57
ElasticNet_wtum,m10,106,1.6840930446292688,2.6985103353541793,-0.45110641284237707,195.1846761007263,13.84926629018735,2021-12,1.2679169523186804,43
BIRLESIM_mean_3,m10,106,1.688488797562926,2.7865087258443317,-0.7580262422648817,171.10241175353076,13.974087971490848,2021-12,1.2679580877805616,43
BIRLESIM_median_3,m10,106,1.6969414880351783,2.806296784098644,-0.7536261051487504,171.70673196150673,13.872770865814534,2021-12,1.2714256039189158,43
SARIMA_wtum,m10,106,1.7299620224922865,2.757556792186811,-0.47158771998003013,177.66450873147778,13.742541124306905,2021-12,1.2941278655243758,43
Ridge_wtum,m10,106,1.7547625919460352,2.7394248025343844,-0.3753718876871552,214.30359212075714,14.243027247074728,2021-12,1.3119961556416937,43
LightGBM_wtum,m10,106,1.7564820268107528,2.8436313492413556,-0.6038429698252871,182.74930616557674,13.805917452206845,2021-12,1.313350782365221,43
ortalama_12ay,m10,106,1.7669670884870023,2.7930975660591364,-0.6611052751963389,132.7117328935188,14.136783482914366,2021-12,1.3223195218110113,43
SARIMA_w60,m10,106,1.7686443516494796,2.9545882710445723,-1.2898542653927674,128.95233833978727,13.872770865814534,2021-12,1.3147721644067125,43
SARIMA_w120,m10,106,1.8987014008635368,3.1388613669898007,-1.5296277784546275,119.22947204156358,14.220949808515774,2021-12,1.4041089106141424,43
UCM_llt_seasonal_wtum,m10,106,1.9142351114898941,2.947427494340766,-0.6583481305992903,147.05988693815678,14.549296436508376,2021-12,1.3986653419757495,43
LightGBM_sepet_wtum,m10,106,1.916164727236071,3.0583439131950443,-1.2074874125268893,161.65065244568368,13.934321763468162,2021-12,1.3776978556058495,43
LightGBM_w120,m10,106,1.929148939360534,3.124163786444472,-1.5714915073237263,123.92295962065431,14.107572249816215,2021-12,1.414728940994156,43
ETS_damped_seasonal_wtum,m10,106,1.9455575492361843,2.962575277917473,-0.653107249365044,182.62187252027604,14.981246394761808,2021-12,1.4272528948029206,43
ortalama_6ay,m10,106,1.9888647993636168,3.0241074230540237,-0.5012186299176472,135.9340287948615,14.15678939278152,2021-12,1.4712606911247261,43
AutoTheta_wtum,m10,106,1.9963651349659983,3.014604219309641,-0.6462326581335965,175.31470637443246,15.136919057008459,2021-12,1.460103295973723,43
Ridge_w120,m10,106,2.069110263549687,3.13479792800366,-1.2845920576580339,153.51170999795428,14.121854865892745,2021-12,1.556354927641415,43
Ridge_sepet_wtum,m10,106,2.0827132764109075,3.168833424268172,-0.8989758702767701,194.2243225929344,14.001559646779747,2021-12,1.538232911247572,43
AutoTheta_w120,m10,106,2.1223842868924936,3.2714064215536056,-0.3391249691716873,139.61902551646736,14.221639416418416,2021-12,1.546289042573624,43
ortalama_3ay,m10,106,2.173974353700085,3.24728981307791,-0.4025676851600995,145.740647198827,14.864350181072188,2021-12,1.5666887629386126,43
AutoTheta_w60,m10,106,2.1945161189774223,3.396250410868372,-0.2414945217035606,131.84255471046666,14.988660790520822,2021-12,1.599234466613002,43
ETS_damped_seasonal_w120,m10,106,2.272282433774603,3.4098213283790506,-0.39805972875608275,128.43961464888528,14.306018890042717,2021-12,1.6399108739567125,43
UCM_llt_seasonal_w120,m10,106,2.3167325407870574,3.5196484304054763,-0.2313315722160822,142.5664808809476,14.425478616077138,2021-12,1.658449376349718,43
naive_mevsimsel_12,m10,106,2.3241481132075474,3.5480661174866235,-0.42412735849056615,195.3678002446772,14.7432,2021-12,1.6543220129980087,43
ETS_damped_seasonal_w60,m10,106,2.3630426412973393,3.545294415516652,-0.17331789660679334,185.19910733734847,14.842999228423304,2021-12,1.6915654777890807,43
naive_son_ay,m10,106,2.3886377358490565,3.6140701417685075,-0.36461886792452836,154.40109637145179,15.177999999999999,2021-12,1.6899196217003853,43
BIRLESIM_mean_3,m11,105,1.7030787813428805,2.8159731026311583,-0.8482186749699053,170.12614670221967,14.003654900943227,2021-12,1.260470709408908,42
ElasticNet_wtum,m11,105,1.7044009144517542,2.7272571896270588,-0.5469133728333255,198.44002843986038,13.782085112628636,2021-12,1.2591778236264697,42
BIRLESIM_median_3,m11,105,1.7089217383367583,2.8354796350761626,-0.8383364103382916,170.50405117858284,13.867883828510632,2021-12,1.2625153793365458,42
Ridge_wtum,m11,105,1.724451500839786,2.751214535429467,-0.5349749446903148,209.0274379813057,14.310575218151442,2021-12,1.2693273448388778,42
SARIMA_wtum,m11,105,1.7253227432838436,2.750499480224412,-0.5182617726078292,183.60810415953281,13.586527326208218,2021-12,1.2811399861642154,42
LightGBM_wtum,m11,105,1.757623854872824,2.858770568293286,-0.6581168731804327,183.95418181589213,13.831802214358744,2021-12,1.3033371231365172,42
ortalama_12ay,m11,105,1.7971778162970937,2.8237792371365007,-0.7235132344672084,146.77028806157136,14.08277593393938,2021-12,1.3297204896093082,42
SARIMA_w60,m11,105,1.8238914608485142,2.9932802652932913,-1.3470977361513907,131.8088486441169,13.867883828510632,2021-12,1.3337392280190152,42
UCM_llt_seasonal_wtum,m11,105,1.9102948301842568,2.937603068730973,-0.7199358972018625,153.95652331717173,14.381751624799376,2021-12,1.3722377503614656,42
LightGBM_sepet_wtum,m11,105,1.91963578146923,3.0671314135707517,-1.2518586398098759,161.41914365123912,13.915267521577167,2021-12,1.3678919263179428,42
ETS_damped_seasonal_wtum,m11,105,1.9332074195281739,2.9478964053402548,-0.7056812597168267,183.5931430613327,14.796007262679696,2021-12,1.393259738507761,42
ortalama_6ay,m11,105,1.94017518437963,2.9703221997530838,-0.5751470586940022,129.63391767490182,13.772490775435053,2021-12,1.419259676844453,42
LightGBM_w120,m11,105,1.9445696919875037,3.1443301887554114,-1.6153014447977836,124.21977235902798,14.095058244793693,2021-12,1.4087108901802559,42
SARIMA_w120,m11,105,1.9703859654272453,3.1499408527346855,-1.583783891846485,120.01587513850951,14.19567806325172,2021-12,1.43039149623366,42
AutoTheta_wtum,m11,105,1.9798018405914184,2.992253653303404,-0.7071289556672273,175.0401954088844,14.86539943750088,2021-12,1.4214265981467094,42
Ridge_w120,m11,105,2.052246634743659,3.153404121545371,-1.3299006980699462,144.63457904082458,14.090255462426914,2021-12,1.5198471432510612,42
Ridge_sepet_wtum,m11,105,2.0856944766922543,3.263533489485907,-0.9739061284573362,197.87844684574955,13.919851507803651,2021-12,1.5261557437050448,42
AutoTheta_w120,m11,105,2.1434363169008597,3.265493428168954,-0.3873042631408653,173.02310221854668,13.892233706232817,2021-12,1.540775607163205,42
ortalama_3ay,m11,105,2.2048676646759024,3.2316750468245345,-0.45735749971856626,167.16770060080526,14.056428994931505,2021-12,1.5760904951493502,42
AutoTheta_w60,m11,105,2.228819361001489,3.4093516311129908,-0.2858158700798556,161.51022749439952,14.509280822918695,2021-12,1.5999885829550176,42
ETS_damped_seasonal_w120,m11,105,2.2500547705523575,3.387604024164715,-0.4368945879059754,141.9926476602847,14.204075445586946,2021-12,1.6013642784861402,42
UCM_llt_seasonal_w120,m11,105,2.3378708904487566,3.5108766706224173,-0.26121787787626066,161.4808153049733,14.209258021386754,2021-12,1.6566643026344898,42
naive_mevsimsel_12,m11,105,2.343806666666667,3.5648313343524336,-0.43064285714285716,196.96502144254947,14.7432,2021-12,1.6477265944315138,42
ETS_damped_seasonal_w60,m11,105,2.3744864078713697,3.554216590480841,-0.21681500242869017,179.0816362596138,14.571957351691369,2021-12,1.6962562076963166,42
naive_son_ay,m11,105,2.395881904761905,3.6214593358400227,-0.39533142857142856,172.77369000960329,14.6711,2021-12,1.6584775567964287,42
ElasticNet_wtum,m12,104,1.7098672030960138,2.738332842384459,-0.6606281467539249,185.22088602952812,13.646473410482953,2021-12,1.282827958684897,40
SARIMA_wtum,m12,104,1.7124480386025884,2.7496471240486065,-0.5479101056346464,187.8873674997252,13.47339633774025,2021-12,1.3043890266383655,40
BIRLESIM_mean_3,m12,104,1.7177034458325775,2.8474420262642375,-0.9209886104834617,170.18971426957904,13.923932858952503,2021-12,1.2958442347370376,40
Ridge_wtum,m12,104,1.732476888558036,2.759075357752349,-0.6322029061008899,205.84783454484298,14.054701585645482,2021-12,1.2915274728418378,40
BIRLESIM_median_3,m12,104,1.7584784693655497,2.883975699364288,-0.9058326038146896,170.10436828699667,13.890403599352656,2021-12,1.3191233777376334,40
ortalama_12ay,m12,104,1.8107113454682489,2.856704200201753,-0.7667134469611472,148.85688058856584,13.981683886887208,2021-12,1.3734335062641718,40
LightGBM_wtum,m12,104,1.810802068408792,2.904557247685112,-0.7336115594587191,185.8434067256089,13.826556501001072,2021-12,1.3691959162605891,40
SARIMA_w60,m12,104,1.843681164903549,3.0129622764737594,-1.3932108724332293,133.71859162721924,13.890403599352656,2021-12,1.3732596832768877,40
UCM_llt_seasonal_wtum,m12,104,1.855750639202551,2.930600942074649,-0.7672945511400118,152.08848019888353,14.27103837365197,2021-12,1.3696257603026287,40
ortalama_6ay,m12,104,1.8579259762740086,2.9420007912148383,-0.6344327010118965,133.94016172047318,13.523138582033505,2021-12,1.4012418422094421,40
ETS_damped_seasonal_wtum,m12,104,1.886531078700533,2.9410294668411616,-0.7524527272745523,185.47096484908727,14.622681051728932,2021-12,1.3987595415608478,40
AutoTheta_wtum,m12,104,1.9155692031341653,2.9803594573081176,-0.7530780425799091,175.64574429695944,14.59111125457867,2021-12,1.4212747362424163,40
LightGBM_sepet_wtum,m12,104,1.9407412780087507,3.0880312695197736,-1.2654384920880248,163.6493004859313,13.889307543778418,2021-12,1.4118980308569467,40
SARIMA_w120,m12,104,1.956343894712971,3.0950812364800955,-1.6156434916442919,120.82344939287195,14.19873582080983,2021-12,1.4549967207324497,40
LightGBM_w120,m12,104,1.9696255168677435,3.168202906980284,-1.6386082655946472,125.430716383547,14.088261666577587,2021-12,1.4530896499304635,40
AutoTheta_w120,m12,104,2.0629180268689824,3.198653836408722,-0.43451172753852946,166.10439502647873,13.864495304786153,2021-12,1.537387515893393,40
Ridge_sepet_wtum,m12,104,2.0907863311779145,3.144127090767075,-1.1158956886430658,184.0876506421605,13.920253359209303,2021-12,1.5386108736474469,40
ETS_damped_seasonal_w120,m12,104,2.1509631300509855,3.364361049555252,-0.46832332758126116,148.63867160693448,14.020747423896179,2021-12,1.5733598716194168,40
ortalama_3ay,m12,104,2.169213375841189,3.2108303764011086,-0.5171169906714457,183.84432069071838,13.868901453710269,2021-12,1.6166292196415448,40
Ridge_w120,m12,104,2.1705750473136325,3.266792151216884,-1.310602943136438,158.77591949046135,14.117817571428269,2021-12,1.6228378500989846,40
AutoTheta_w60,m12,104,2.1785938836674075,3.377714955618083,-0.33090358962235633,172.66591707347334,14.152588625399037,2021-12,1.628107304835548,40
UCM_llt_seasonal_w120,m12,104,2.22785711949987,3.5084082473875315,-0.2856525672271169,168.86559112629627,13.991193612737456,2021-12,1.6232974111444438,40
ETS_damped_seasonal_w60,m12,104,2.2633991536490305,3.5000431327339325,-0.2522705653348359,177.35430534881692,14.148630172451078,2021-12,1.666561021325626,40
naive_mevsimsel_12,m12,104,2.3495163461538464,3.5778160727573423,-0.4179567307692308,197.57441793469383,14.7432,2021-12,1.7053548913947965,40
naive_son_ay,m12,104,2.3495163461538464,3.5778160727573423,-0.4179567307692308,197.57441793469383,14.7432,2021-12,1.7053548913947965,40
LightGBM_wtum,m2,114,1.4928573199860788,2.4141050319672934,-0.33834768310981794,168.82708167233434,12.931989653908513,2021-12,1.0079795144532577,55
BIRLESIM_mean_3,m2,114,1.4950429021350913,2.4420364823028122,-0.42655780072779237,161.73125646457837,13.382422405469098,2021-12,0.9996427519488081,55
SARIMA_wtum,m2,114,1.506074143303245,2.40585003423079,-0.2398501956306649,164.86417500317097,13.02436777759021,2021-12,0.9894275951332699,55
SARIMA_w60,m2,114,1.5257778843799772,2.5482749194300434,-0.6903188449514613,122.6189108869387,13.247724667441897,2021-12,1.008886504529728,55
BIRLESIM_median_3,m2,114,1.5266321154444566,2.4561146294975345,-0.45213524121024096,165.96826071503202,13.247724667441897,2021-12,1.0291291545049854,55
ElasticNet_wtum,m2,114,1.5793815990592615,2.4986144087386672,-0.24246646028617336,182.7574618364585,13.385544809841296,2021-12,1.0484436381619722,55
SARIMA_w120,m2,114,1.6102727500917349,2.649503292925075,-0.9012859676897755,113.06842500108714,13.627511275757982,2021-12,1.0558410168745676,55
Ridge_w120,m2,114,1.634147422302026,2.7049349203309117,-0.9210628029926089,115.54751513348245,13.984824288322212,2021-12,1.09886087132276,55
Ridge_sepet_wtum,m2,114,1.642363282702079,2.707421560808322,-0.6832828457982548,149.29044558285864,13.974360263339443,2021-12,1.0983883247374773,55
Ridge_wtum,m2,114,1.6721739349372786,2.565678699190043,-0.24613199026117216,204.72324008547633,13.964797339735968,2021-12,1.1233445043809895,55
AutoTheta_w120,m2,114,1.6760162712199693,2.564294404579763,-0.09333961201105134,151.57318446998534,12.510245591189415,2021-12,1.089785627353344,55
ortalama_12ay,m2,114,1.696108940972697,2.570726041686003,-0.31765362545112086,153.1914323206423,13.371350883548232,2021-12,1.105170608921943,55
UCM_llt_seasonal_wtum,m2,114,1.6972646710798627,2.5413177724120017,-0.3201418711418114,173.74896626429975,13.618476702332593,2021-12,1.1394569414602074,55
ortalama_3ay,m2,114,1.7029265136512277,2.5617162909267477,-0.12984764200638726,151.99188043127506,12.53812687566226,2021-12,1.080313397043183,55
ortalama_6ay,m2,114,1.7100760257545324,2.543201569785335,-0.19835143460235533,175.68347630170146,12.682845620212687,2021-12,1.1066163904758515,55
AutoTheta_w60,m2,114,1.7308771758914132,2.630840790748869,-0.04539376427322766,142.19857124262404,12.274359181220833,2021-12,1.125983811049716,55
ETS_damped_seasonal_wtum,m2,114,1.7616412222425348,2.6085850800613923,-0.3336751783452744,199.78322944557044,14.164639618777677,2021-12,1.1850797717504533,55
AutoTheta_wtum,m2,114,1.7633220367681623,2.599599889729683,-0.30074453022298947,202.49502602437707,13.994432136275414,2021-12,1.1799978540275924,55
ETS_damped_seasonal_w120,m2,114,1.7793434672446786,2.7160013888615597,-0.15568579534007407,136.9527898367762,13.753976775215822,2021-12,1.1995722785434704,55
LightGBM_sepet_wtum,m2,114,1.784573090728352,2.9037911593920502,-1.1041730071146314,149.20002681613173,13.868424716345412,2021-12,1.1651269536741702,55
LightGBM_w120,m2,114,1.7889967447418362,2.9329712358721767,-1.391385284469621,121.40385982476039,14.005148016415282,2021-12,1.1649390066398229,55
UCM_llt_seasonal_w120,m2,114,1.8002945584773549,2.69347624929232,-0.059318551005282806,145.5530031703976,13.054245692886468,2021-12,1.2042507638346571,55
ETS_damped_seasonal_w60,m2,114,1.879263168909383,2.76712883435742,0.0008897401765562915,162.11035439605516,13.655241297404478,2021-12,1.265033847138499,55
naive_son_ay,m2,114,1.911032456140351,2.8557245376918687,-0.07850789473684215,141.26286346559206,11.921399999999998,2021-12,1.2164235786581745,55
naive_mevsimsel_12,m2,114,2.246576315789474,3.4461257886670054,-0.4497149122807018,186.76745551718105,14.7432,2021-12,1.4930441157272272,55
LightGBM_wtum,m3,113,1.5303221705197405,2.4734007135763583,-0.3314359143062414,174.0856650366381,13.435230243279644,2021-12,1.0481035645532162,54
SARIMA_w60,m3,113,1.5425948342027735,2.4952770270701756,-0.8446173512257614,137.42213352352152,13.633079567182216,2021-12,1.0443493813069067,54
BIRLESIM_mean_3,m3,113,1.5498519675484814,2.478399954866338,-0.4876308123541114,170.23396347080885,13.710718081532313,2021-12,1.050675371971245,54
SARIMA_wtum,m3,113,1.5768495008446661,2.4909020657417145,-0.2655288822491267,177.22716646484514,13.191541092072637,2021-12,1.061679109125277,54
BIRLESIM_median_3,m3,113,1.580744139538395,2.534359247018024,-0.5091935476010063,169.93999841592748,13.633079567182216,2021-12,1.077811535093464,54
ElasticNet_wtum,m3,113,1.6412248272344083,2.5871211333054704,-0.31791413703784704,198.43628549529936,13.585904378568381,2021-12,1.1038261352294987,54
AutoTheta_w120,m3,113,1.677386053993648,2.58411167146314,-0.11381966951361784,174.2213113592176,12.979494734981674,2021-12,1.1122676954892723,54
SARIMA_w120,m3,113,1.7256633082800188,2.7149451543416414,-1.0746120716071472,124.37384464571142,14.031437514457295,2021-12,1.1490531693203705,54
ortalama_12ay,m3,113,1.7283761818535437,2.636823780624213,-0.35057909351644473,157.67357019030527,13.553019340126218,2021-12,1.1529262645094,54
Ridge_wtum,m3,113,1.7524443692561908,2.666420462059053,-0.2818274556144885,211.05835006810284,14.062828849422086,2021-12,1.181408163802653,54
ortalama_6ay,m3,113,1.7582241075239835,2.6546878038792814,-0.22750449001839504,182.93245957725668,12.89776404122321,2021-12,1.1692317492572453,54
AutoTheta_w60,m3,113,1.7706861583064593,2.6595783847984755,-0.05805515708905026,177.6191459338755,12.943645677438578,2021-12,1.1751471815729306,54
Ridge_w120,m3,113,1.7708694313402173,2.8838756272739356,-1.0843017189619053,125.27850755566278,14.058511224376467,2021-12,1.2153880846899254,54
UCM_llt_seasonal_wtum,m3,113,1.7709153667787074,2.6396969183336845,-0.35787712575932157,180.998889467581,13.868350538965826,2021-12,1.2058712890946734,54
ETS_damped_seasonal_w120,m3,113,1.7950579665310449,2.6964902107458553,-0.17013694803142915,160.3652945190519,13.695806542080211,2021-12,1.2209636740872456,54
Ridge_sepet_wtum,m3,113,1.7990489360259236,2.9049768345201192,-0.7347121618126503,160.59338478659893,13.967388224430719,2021-12,1.2188917467815779,54
LightGBM_w120,m3,113,1.805918153815597,2.9596646884622104,-1.4076102531294752,122.43988355518248,14.027087923065256,2021-12,1.1991772719670803,54
LightGBM_sepet_wtum,m3,113,1.8097619509201406,2.934569313561642,-1.1194218350679224,151.91683441382258,13.896364058147103,2021-12,1.1976042497418309,54
ETS_damped_seasonal_wtum,m3,113,1.819508030732589,2.682692376723518,-0.36975309224320996,204.78145896094944,14.315240462859641,2021-12,1.2335637713177912,54
UCM_llt_seasonal_w120,m3,113,1.8253253397754516,2.712751121002627,-0.06528731673690588,171.79831937462066,13.762801350432836,2021-12,1.2330416276469303,54
AutoTheta_wtum,m3,113,1.8273468466810474,2.682231711920696,-0.33838586617733274,209.51333422774672,14.190855897258889,2021-12,1.2358613578560316,54
ortalama_3ay,m3,113,1.8858312120295275,2.734615993366543,-0.15629067850576958,191.36977813894643,12.871078120485663,2021-12,1.2351710928417599,54
naive_son_ay,m3,113,1.9068902654867257,2.8766915021265453,-0.10318407079646015,217.17877788354235,13.0743,2021-12,1.2069915439894596,54
ETS_damped_seasonal_w60,m3,113,1.9535086214221433,2.8420861109687636,-0.00627058685097014,222.18676782894255,14.488546162299606,2021-12,1.3248667209737655,54
naive_mevsimsel_12,m3,113,2.255838053097345,3.4594992430743297,-0.443075221238938,187.82029485654115,14.7432,2021-12,1.510612935530753,54
BIRLESIM_mean_3,m4,112,1.5744404688124134,2.616394318974071,-0.5243945407786584,176.8983693745374,13.718446936288457,2021-12,1.0871545111120462,52
SARIMA_w60,m4,112,1.6060365239274859,2.726200931556424,-0.9502199549799945,135.20473910501326,13.645184010522241,2021-12,1.1130352830251677,52
LightGBM_wtum,m4,112,1.6097594910713031,2.6310213615847644,-0.3505665917727657,189.8845589072801,13.755149954294277,2021-12,1.1082671400415307,52
SARIMA_wtum,m4,112,1.6177682252590273,2.5842228195844528,-0.2932343542459343,179.65227443505313,13.223085365170638,2021-12,1.1125681117468056,52
BIRLESIM_median_3,m4,112,1.6212229167238001,2.665479016527674,-0.5232955564839488,182.88238860232357,13.754967182062096,2021-12,1.123184825764332,52
ElasticNet_wtum,m4,112,1.6529711139037222,2.6053633661445836,-0.22434319416381648,204.13240339449047,13.342693319687953,2021-12,1.1286511451319285,52
Ridge_w120,m4,112,1.7272333930393216,2.870811359713373,-1.0956232623877067,124.28626406682841,14.078300626515379,2021-12,1.2011422516732027,52
Ridge_wtum,m4,112,1.7337513566430034,2.6724610287940123,-0.26774571342871395,218.44867274774353,13.754967182062096,2021-12,1.1873504294535668,52
ortalama_12ay,m4,112,1.7444612002805806,2.694134523553421,-0.3914750833467444,150.81569975054185,13.586306032424568,2021-12,1.1961498811960862,52
Ridge_sepet_wtum,m4,112,1.748937363095958,2.865748518853995,-0.7527586907610777,166.90877505481342,13.963217963017769,2021-12,1.190177248252238,52
SARIMA_w120,m4,112,1.78091573788808,2.9379767573467097,-1.189854655704249,121.42780055929605,14.068332065353177,2021-12,1.2083631227595566,52
UCM_llt_seasonal_wtum,m4,112,1.8145677143631738,2.732037962129671,-0.3953035874031097,175.23049469150146,13.781241711171715,2021-12,1.2525992780526287,52
LightGBM_w120,m4,112,1.8241524968545875,2.987354027910176,-1.4263063053954042,122.77725831059342,14.037284478720412,2021-12,1.2358153368737965,52
ortalama_6ay,m4,112,1.8304362736829025,2.7752128322520933,-0.26092736239895903,182.8094635323707,13.012600328421595,2021-12,1.2461064106397703,52
LightGBM_sepet_wtum,m4,112,1.8413012197610246,2.967796934579232,-1.1368233068892022,154.5092080661684,13.912087718753314,2021-12,1.2242967449863806,52
ETS_damped_seasonal_wtum,m4,112,1.8573992911202761,2.774301656586762,-0.4023804431634733,199.92970711079087,14.334467447050756,2021-12,1.2775745255345399,52
AutoTheta_wtum,m4,112,1.8776368515374853,2.7903325891013497,-0.37253669704239645,202.04499542611808,14.194096965686773,2021-12,1.2891188298298735,52
AutoTheta_w120,m4,112,1.891323261983848,2.908443841966382,-0.13841477240103722,173.16131547822297,13.506930631282172,2021-12,1.2757983217367155,52
ortalama_3ay,m4,112,1.9485846326966996,2.8565804810221964,-0.1927090331024243,212.9038017501519,12.519686133156966,2021-12,1.3184014110175757,52
AutoTheta_w60,m4,112,2.00210482905407,3.000752686674329,-0.0752184783890519,187.6111922667928,12.673984942386955,2021-12,1.353787800694901,52
ETS_damped_seasonal_w120,m4,112,2.0065203887644474,3.017692580034944,-0.19670450473797302,147.32130290751422,13.199569542980617,2021-12,1.3833996566838933,52
UCM_llt_seasonal_w120,m4,112,2.0209605960323125,3.0320354868392645,-0.0844610156851301,153.47108590873248,13.16346900703322,2021-12,1.3875672714629523,52
naive_son_ay,m4,112,2.10245625,3.170883440707585,-0.12186339285714294,187.73570962551432,12.6154,2021-12,1.399915236159118,52
ETS_damped_seasonal_w60,m4,112,2.1239826595457534,3.174417548582562,-0.02676061489312379,177.66202720440637,14.11340328340881,2021-12,1.46649316936084,52
naive_mevsimsel_12,m4,112,2.2655330357142858,3.473150016876919,-0.4365848214285714,188.8054453132191,14.7432,2021-12,1.5328943413547944,52
BIRLESIM_mean_3,m5,111,1.6097619524071107,2.662180398043561,-0.6232874148596733,165.00176173043312,13.89157489188913,2021-12,1.1584652530066808,51
SARIMA_w60,m5,111,1.6192918798312816,2.778033635083414,-1.0299357446053612,134.33361349202596,13.722135648132006,2021-12,1.1694077293905984,51
BIRLESIM_median_3,m5,111,1.637928730221088,2.697733553358523,-0.5993290459821359,172.54970447896414,13.817625728474303,2021-12,1.1779573483812713,51
SARIMA_wtum,m5,111,1.6466625047996997,2.6347666565157075,-0.3216943593366404,185.1206241148378,13.322206197400709,2021-12,1.1834432822706535,51
LightGBM_wtum,m5,111,1.6588752437579755,2.683936037008224,-0.3931327191806976,183.717182243373,13.817625728474303,2021-12,1.1822323060844215,51
ElasticNet_wtum,m5,111,1.701049957529847,2.658213942598894,-0.40111555304003205,195.45739957044307,13.80917519858204,2021-12,1.2150370779010404,51
Ridge_w120,m5,111,1.7389459087540755,2.888349378791026,-1.153313622650412,122.07510161087009,14.087890972236272,2021-12,1.271975231088309,51
Ridge_sepet_wtum,m5,111,1.7504183855648003,2.879598066644199,-0.9327358828174851,155.4558870315043,13.97224711841646,2021-12,1.2429428004250809,51
ortalama_12ay,m5,111,1.7593767239086846,2.7091213951321054,-0.43220916849539875,143.73265729852147,13.60765187722595,2021-12,1.2570515944777965,51
Ridge_wtum,m5,111,1.7694484209887535,2.7150612485253665,-0.4417660430075854,196.6053330609387,14.134502856677319,2021-12,1.268999402216871,51
SARIMA_w120,m5,111,1.8220045371473546,3.0151340211392252,-1.2750453482906317,121.33560298261233,14.143071743150495,2021-12,1.287824587707792,51
UCM_llt_seasonal_wtum,m5,111,1.8222458325940072,2.7738765235497596,-0.4380551240635779,173.82963697798962,13.79246760310335,2021-12,1.317404310849495,51
LightGBM_w120,m5,111,1.840351867412786,3.0124005847445305,-1.4443687849944746,123.24737922613302,14.052630923875613,2021-12,1.3012837765477325,51
ortalama_6ay,m5,111,1.846568637789047,2.85984083079478,-0.29536652495276494,175.4061934098963,13.442544965966377,2021-12,1.3163989570480548,51
LightGBM_sepet_wtum,m5,111,1.8539718118233572,2.985329830469991,-1.1482725661459348,155.38720354332202,13.918693534656475,2021-12,1.2787290791398216,51
ETS_damped_seasonal_wtum,m5,111,1.8795837246159224,2.816445876219922,-0.43270980797553243,201.067000974286,14.299637043001168,2021-12,1.3476444632798028,51
AutoTheta_wtum,m5,111,1.8911975227547795,2.8359371211807067,-0.4100228426959188,202.66273320465004,14.105498005395955,2021-12,1.3569895609464684,51
AutoTheta_w120,m5,111,1.9210186797154722,2.9364206290539387,-0.17179152102378817,178.02777406337935,12.96570224454577,2021-12,1.354067655015821,51
ETS_damped_seasonal_w120,m5,111,1.9909169161629376,3.048991773895931,-0.22607194615813134,153.5499867941019,12.980821622164811,2021-12,1.4344287021985327,51
ortalama_3ay,m5,111,2.005359804567146,2.9394475376138414,-0.23212570191197507,225.7473680695727,12.827360270699659,2021-12,1.425741291107629,51
AutoTheta_w60,m5,111,2.032816752020069,3.0325982459078724,-0.10154730854243046,211.30581768518942,12.795735190804875,2021-12,1.4402173752280618,51
UCM_llt_seasonal_w120,m5,111,2.0356117688759774,3.081762272290267,-0.10569756557847246,166.69490608516978,12.895142942614013,2021-12,1.4584178531468037,51
ETS_damped_seasonal_w60,m5,111,2.077640899035668,3.158963185816527,-0.047701530656116806,159.3144236841191,13.505861535684568,2021-12,1.50728356490638,51
naive_mevsimsel_12,m5,111,2.2643216216216215,3.4813148034630266,-0.41889639639639653,189.17172726966118,14.7432,2021-12,1.6023771004738534,51
naive_son_ay,m5,111,2.2650081081081077,3.31759089163119,-0.1617,242.4862181276563,12.922999999999998,2021-12,1.5686486515230096,51
BIRLESIM_mean_3,m6,110,1.6143542706691045,2.6672494066615005,-0.6514340912807784,174.1921253689642,13.80270951161799,2021-12,1.1606405629821857,49
SARIMA_w60,m6,110,1.633394379569484,2.756551020444469,-1.1016004078525683,131.92858605262862,13.734785507258128,2021-12,1.1751014837031208,49
BIRLESIM_median_3,m6,110,1.6484840384263797,2.7105536359884335,-0.6520476865679325,175.46997257255242,13.779115204716062,2021-12,1.181181246209324,49
LightGBM_wtum,m6,110,1.6694495210560705,2.71513430618499,-0.44084933169057444,185.67167995378156,13.779115204716062,2021-12,1.1759196559375114,49
SARIMA_wtum,m6,110,1.672568796800734,2.6598421083765897,-0.3589496914031233,181.91327850417213,13.392827652248684,2021-12,1.1899060898141092,49
ElasticNet_wtum,m6,110,1.6826383785052406,2.656640332132861,-0.4294372398244252,202.56046995424208,13.677908627356235,2021-12,1.204976420507656,49
Ridge_sepet_wtum,m6,110,1.7105336250633605,2.8641270297912276,-0.9749671846182628,148.13665245772515,13.966285221381114,2021-12,1.2136226978964229,49
Ridge_wtum,m6,110,1.7549153566211864,2.7101994956759494,-0.4071111044345426,217.21053297830665,13.894161042847,2021-12,1.254810559238735,49
ortalama_12ay,m6,110,1.7661012596930414,2.728661707682686,-0.48393926713868346,140.79414027980138,13.628874996666315,2021-12,1.255922812082996,49
Ridge_w120,m6,110,1.8151447361265853,2.9745171252203573,-1.3265072674966532,124.38585589949034,14.09047948157346,2021-12,1.3184508324880753,49
SARIMA_w120,m6,110,1.8428983682985944,3.0162120106560226,-1.3500260088404015,120.18577255846117,14.133209203804874,2021-12,1.2987056045157865,49
UCM_llt_seasonal_wtum,m6,110,1.847544606868733,2.8153581886639527,-0.4715634486198394,171.06613371090495,13.96273474153987,2021-12,1.3222939828945843,49
LightGBM_sepet_wtum,m6,110,1.8623553223520428,2.994540310481224,-1.1302551876939115,158.56252921875802,13.897333968160392,2021-12,1.2722464307911117,49
LightGBM_w120,m6,110,1.8649701005991808,3.037495176243468,-1.4733345105998958,123.30284372155975,14.064974859665963,2021-12,1.3130931809929711,49
ortalama_6ay,m6,110,1.8938063739425552,2.917594363758718,-0.3350441236042039,161.66817080012345,13.734501404671061,2021-12,1.3421239998035415,49
AutoTheta_w120,m6,110,1.9059055879425917,2.9398991648214543,-0.21530355383207966,173.92568462102963,13.726077288441532,2021-12,1.3462036525332546,49
ETS_damped_seasonal_wtum,m6,110,1.9093037662987562,2.851203385764513,-0.4727457044328725,196.67882415863843,14.454548886904785,2021-12,1.3561070492528693,49
AutoTheta_wtum,m6,110,1.9283742835785107,2.8717448600285325,-0.453435704853561,197.4867091252167,14.318373718980268,2021-12,1.3732005588466347,49
ETS_damped_seasonal_w120,m6,110,1.9526081013548644,3.009376685878767,-0.2674925390915485,154.0192430375438,13.18008687568154,2021-12,1.390420829220121,49
AutoTheta_w60,m6,110,2.016430942859684,3.0387656053707173,-0.138816047367655,218.58469256729097,13.907391495789673,2021-12,1.424927737445767,49
UCM_llt_seasonal_w120,m6,110,2.0172035629604985,3.0795767464859165,-0.13609087842724624,171.37061311972784,13.048381386794293,2021-12,1.4305796866112683,49
ortalama_3ay,m6,110,2.0369300903871377,2.9873321301673634,-0.27663786575502397,203.59672598800387,12.924442999598966,2021-12,1.446248119519094,49
ETS_damped_seasonal_w60,m6,110,2.079479815045722,3.152280085891162,-0.07608425294074928,164.0566829665637,13.232012275322063,2021-12,1.4948580220875658,49
naive_son_ay,m6,110,2.246963636363636,3.2224972891447794,-0.2219709090909091,275.9506354932313,12.0186,2021-12,1.5649416019063906,49
naive_mevsimsel_12,m6,110,2.283724545454545,3.4970811939127437,-0.42152272727272744,190.62287520351765,14.7432,2021-12,1.5868338084770417,49
Ridge_sepet_wtum,m7,109,1.5952488064688133,2.6720845410741116,-0.8813837154568249,141.27544656083543,13.95055864767146,2021-12,1.1603755198940522,48
BIRLESIM_mean_3,m7,109,1.603301196937495,2.707252114294602,-0.6849961795030759,176.33055665027834,13.857683483353327,2021-12,1.182063334327812,48
SARIMA_w60,m7,109,1.6144824287319828,2.8183109631088152,-1.17672341841285,130.21014175924307,13.808922460794491,2021-12,1.2046051040014156,48
BIRLESIM_median_3,m7,109,1.6313879617036928,2.7251644265949864,-0.6873165498341123,165.52796901537567,13.835263712941261,2021-12,1.1922125760477615,48
LightGBM_wtum,m7,109,1.6612792456941894,2.7273155147582346,-0.508819161750278,176.26796332170738,13.835263712941261,2021-12,1.205664017767761,48
SARIMA_wtum,m7,109,1.6780913882530468,2.702651839628819,-0.40785477621072136,173.45156026140552,13.594829878906197,2021-12,1.2292368724137308,48
ElasticNet_wtum,m7,109,1.6966979132766886,2.68530619348176,-0.3720378489534104,195.8935539601341,13.51936496879461,2021-12,1.224693452613728,48
ortalama_12ay,m7,109,1.7428259001160422,2.7449907202588046,-0.5483220613691966,130.0466772093915,13.805355006450796,2021-12,1.2830728951400394,48
Ridge_wtum,m7,109,1.7883390357009148,2.756664967746537,-0.36462259823354914,235.13413304716045,13.928825070275913,2021-12,1.2925308932786264,48
Ridge_w120,m7,109,1.8235091539564727,2.9732780999720343,-1.416665065979168,117.96336613294906,14.094649637521758,2021-12,1.353661858557744,48
SARIMA_w120,m7,109,1.8560957232113595,3.0641345753053466,-1.4248824254476804,118.81194463514275,14.167761205056634,2021-12,1.3474886057400026,48
LightGBM_sepet_wtum,m7,109,1.8624505867624845,3.005315545614666,-1.1728577316656643,157.34566494278653,13.91766111081241,2021-12,1.308222453049525,48
LightGBM_w120,m7,109,1.8743408582112007,3.058537922667717,-1.5180816114454436,122.07284242978875,14.08748277225079,2021-12,1.3578617244372555,48
UCM_llt_seasonal_wtum,m7,109,1.87984879103749,2.8790186409388596,-0.5311473123247198,166.622732173796,14.308216469737687,2021-12,1.3741215904426838,48
ETS_damped_seasonal_wtum,m7,109,1.9372532027110991,2.910409778915269,-0.5307620896001468,195.85548060670942,14.737496487536596,2021-12,1.4021399775329824,48
ortalama_6ay,m7,109,1.9465724329254017,2.979650931617818,-0.3853422885453777,147.23136001517207,14.186042560682626,2021-12,1.4150614488199318,48
AutoTheta_wtum,m7,109,1.9696792897803999,2.947082270090099,-0.5099131488741958,198.11473750527796,14.72708426370859,2021-12,1.4268352894145384,48
AutoTheta_w120,m7,109,2.0038901145380588,3.1092616174431096,-0.26558227761972775,153.33607505221522,13.783087832049167,2021-12,1.4468341465877457,48
ETS_damped_seasonal_w120,m7,109,2.060044537050543,3.1746876625396356,-0.3139011603171573,143.56579094727272,13.960568954861118,2021-12,1.490297577309151,48
ortalama_3ay,m7,109,2.1154774364599693,3.0948465840796198,-0.3329438854304153,177.90665163736713,13.503147266667037,2021-12,1.525329376675692,48
AutoTheta_w60,m7,109,2.1184284356497516,3.1780037647681323,-0.1828217042963597,180.66952390592775,13.544571253735464,2021-12,1.530679083376639,48
UCM_llt_seasonal_w120,m7,109,2.1218839714786317,3.2283492166133816,-0.17730332497120696,158.62524247573677,13.812742933309115,2021-12,1.5312466727398757,48
ETS_damped_seasonal_w60,m7,109,2.2147290347300492,3.3157344006174965,-0.1126383505139334,166.38716563504485,14.053680651029769,2021-12,1.602843557528158,48
naive_mevsimsel_12,m7,109,2.2910064220183486,3.5101861688389486,-0.4390596330275231,191.2693117620583,14.7432,2021-12,1.6133728670621783,48
naive_son_ay,m7,109,2.2986266055045874,3.405639499162658,-0.2775146788990826,222.22770399929507,13.534799999999999,2021-12,1.6368329522610285,48
BIRLESIM_median_3,m8,108,1.6577284079580774,2.766126862074826,-0.8143710609762855,161.86900816149432,13.85777645621944,2021-12,1.1980384094106,46
BIRLESIM_mean_3,m8,108,1.6593806576856354,2.7606008719248525,-0.7819647903395377,173.00945911923893,13.948081366713915,2021-12,1.2106483314857877,46
LightGBM_wtum,m8,108,1.6918508464593867,2.795947886673207,-0.6360912965834923,174.28316676082414,13.85777645621944,2021-12,1.2258924837196135,46
ElasticNet_wtum,m8,108,1.6950335072700484,2.714228277952202,-0.5269717129969176,195.09066045826705,13.767763933391773,2021-12,1.2206119125263553,46
SARIMA_wtum,m8,108,1.700413573130841,2.727931904787432,-0.43791242632765515,173.379335802439,13.63156724469437,2021-12,1.2372023808839947,46
SARIMA_w60,m8,108,1.7181162305727364,2.8915431505402567,-1.2269327269648638,132.3222420098307,13.828048357707662,2021-12,1.2529501427795704,46
Ridge_sepet_wtum,m8,108,1.7315633126941103,2.837319783301766,-0.9824981551587504,155.2218676992624,13.96560767315613,2021-12,1.234654472054454,46
ortalama_12ay,m8,108,1.7520276136120796,2.7563765361230104,-0.5950522731634723,129.74191901744422,13.878014285675818,2021-12,1.277986514128478,46
Ridge_wtum,m8,108,1.7725538100218332,2.7440819267289793,-0.47873782675733517,224.3790710848994,14.158089707887086,2021-12,1.277403461558892,46
Ridge_w120,m8,108,1.8443120803784456,2.979745709294209,-1.4627850923540322,119.35903330168378,14.118175218055857,2021-12,1.3644481722840678,46
LightGBM_sepet_wtum,m8,108,1.8836973991363064,3.0357343619577395,-1.2238696015564288,154.1020735347064,13.949146853739517,2021-12,1.3227336745891476,46
SARIMA_w120,m8,108,1.8895965067523934,3.104458482859755,-1.4728067724799159,119.33522173815514,14.197866619908456,2021-12,1.3594365848789578,46
LightGBM_w120,m8,108,1.9017260645271077,3.0835069245945923,-1.5447233322364498,122.7647901842717,14.093675583178953,2021-12,1.3625549714077452,46
UCM_llt_seasonal_wtum,m8,108,1.9315216560389012,2.9223215682060757,-0.5874877238520245,159.70231455684512,14.442520672267971,2021-12,1.3834790462371207,46
ETS_damped_seasonal_wtum,m8,108,1.9627905802056083,2.9439080724990396,-0.5826908154250318,191.52597103112475,14.821813983447887,2021-12,1.401640443263028,46
ortalama_6ay,m8,108,1.9978672239096993,3.0109681405643514,-0.42305400243617625,146.62214209623218,14.055230119082303,2021-12,1.432679522268426,46
AutoTheta_wtum,m8,108,2.02172928427078,2.991076177408543,-0.5673409966405798,190.45657117214495,14.85315925840627,2021-12,1.4376734913710965,46
AutoTheta_w120,m8,108,2.059435309153504,3.195524643749571,-0.2971963062013702,155.6103675212677,13.948090537461837,2021-12,1.461382825157037,46
ETS_damped_seasonal_w120,m8,108,2.105974029193941,3.324566676688326,-0.3484060964988519,119.39872067713321,14.112135025996439,2021-12,1.4951195014321803,46
ortalama_3ay,m8,108,2.1120376200319826,3.1752521601933186,-0.37088540105091944,151.06032388372643,14.054031229016264,2021-12,1.4924633059280934,46
AutoTheta_w60,m8,108,2.1448211549644722,3.282154293061739,-0.2089173788110811,159.95682536610042,13.533498248824774,2021-12,1.521625443836986,46
UCM_llt_seasonal_w120,m8,108,2.1881598249749685,3.399941224006965,-0.19949339334114555,135.21532527681788,14.084378796821486,2021-12,1.5507332178191253,46
ETS_damped_seasonal_w60,m8,108,2.2564213861614837,3.4596374274106076,-0.14205274728579675,147.85499951947244,14.252569341369139,2021-12,1.6006427621472727,46
naive_mevsimsel_12,m8,108,2.3102750000000003,3.5263416890412604,-0.44118055555555563,192.79726835244776,14.7432,2021-12,1.5992023804291515,46
naive_son_ay,m8,108,2.33542037037037,3.4504049409963247,-0.30820000000000003,186.79614258413807,13.2137,2021-12,1.6159667482033,46
ElasticNet_wtum,m9,107,1.6538089565046203,2.670166431392557,-0.4231242719467342,192.72408173193412,13.744035222720253,2021-12,1.2609208302713446,45
BIRLESIM_mean_3,m9,107,1.6767569350416047,2.7690383490665984,-0.7664139907496769,174.48844465092733,13.954208518783531,2021-12,1.27699693147245,45
BIRLESIM_median_3,m9,107,1.6978764062677574,2.788331524811644,-0.7878257441072173,169.24678080772222,13.861595907577382,2021-12,1.284835824290351,45
SARIMA_wtum,m9,107,1.7183364547644924,2.7432978757869333,-0.4486648948079145,176.3497820450195,13.717307468554989,2021-12,1.3054966031085926,45
LightGBM_wtum,m9,107,1.7331496247478617,2.815941350481303,-0.6235639042620821,179.33306600881826,13.834980344829264,2021-12,1.3130769748903488,45
Ridge_wtum,m9,107,1.746039311926404,2.7269438461469573,-0.41782088929594197,225.10348626638518,14.165715444846485,2021-12,1.3277016380234206,45
SARIMA_w60,m9,107,1.7540751862886197,2.9340909035781646,-1.2531095094990068,130.55979965248306,13.861595907577382,2021-12,1.3189232858692486,45
ortalama_12ay,m9,107,1.7604634287643837,2.7663106257740178,-0.6213159875676788,134.51740036203444,14.059302652497575,2021-12,1.3317651293235342,45
Ridge_sepet_wtum,m9,107,1.8898041293533705,2.943465000394263,-0.9017744429495924,172.495430097704,13.982765556422645,2021-12,1.3988389991623327,45
LightGBM_sepet_wtum,m9,107,1.8997894024529856,3.0558489507494726,-1.2214133943495922,156.57535788398346,13.96524323670447,2021-12,1.3876046943824496,45
LightGBM_w120,m9,107,1.9083869124940698,3.100561038337025,-1.5513066883184685,123.28675640661568,14.103631530173745,2021-12,1.4144930104400026,45
UCM_llt_seasonal_wtum,m9,107,1.9289880000442765,2.9412255835331713,-0.6076635654654605,154.22102585526517,14.525175726758032,2021-12,1.431931381826096,45
ETS_damped_seasonal_wtum,m9,107,1.9406187920922835,2.9476855097129735,-0.6107594886909936,186.6660355169393,14.967176291817264,2021-12,1.441761986463443,45
SARIMA_w120,m9,107,1.9430160563514078,3.141938798610951,-1.4963446865464287,121.41209256409944,14.20191967490287,2021-12,1.4396079741947887,45
Ridge_w120,m9,107,1.9699644293349174,3.0672762163650127,-1.2888972035459338,143.94153072540874,14.106355567557237,2021-12,1.4934942141257865,45
ortalama_6ay,m9,107,2.014331420975671,3.0264696814023893,-0.4503797720562332,149.74210256415745,14.204075825294106,2021-12,1.5023799833156326,45
AutoTheta_wtum,m9,107,2.0152465974621725,2.9989322002598806,-0.5997468673984231,183.77101640134615,15.076646309814166,2021-12,1.4896103014185542,45
AutoTheta_w120,m9,107,2.0853036328270447,3.2517849963073084,-0.31355733184600343,147.84063086131255,13.98722678052987,2021-12,1.548681979921301,45
ortalama_3ay,m9,107,2.1485865768006165,3.2275317695724755,-0.3831132566027968,146.42878674932416,14.538141044190025,2021-12,1.5720088806706638,45
ETS_damped_seasonal_w120,m9,107,2.185022215767003,3.3995799725326963,-0.3645866175001803,116.86412132640037,14.143412447919026,2021-12,1.6068674766391948,45
AutoTheta_w60,m9,107,2.2058332897044908,3.373511815716412,-0.22035324440718868,145.8664691601284,14.118996614207958,2021-12,1.6370326755050943,45
UCM_llt_seasonal_w120,m9,107,2.242896556612693,3.4869382295242866,-0.20780934374552745,127.2447445427628,14.12769409232865,2021-12,1.636281177387795,45
naive_mevsimsel_12,m9,107,2.3045766355140187,3.53151744733636,-0.41801401869158883,193.68334957834716,14.7432,2021-12,1.667281398956562,45
ETS_damped_seasonal_w60,m9,107,2.3615084756913283,3.5438032114989375,-0.14883228061678053,146.43429063943069,14.114773004111827,2021-12,1.739341193717583,45
naive_son_ay,m9,107,2.385240186915888,3.5122247626888656,-0.334066355140187,194.53569019235604,13.7602,2021-12,1.7310905897135584,45
LightGBM_wtum,yearend,27,6.072737120578499,9.171021159881501,-1.0453287891475904,21.043275679381676,26.528832814496432,2021-12,2.099820046313183,12
BIRLESIM_median_3,yearend,27,6.233669837572784,9.365685283400984,-1.4345467092468918,19.80826590860279,26.093242600001123,2021-12,2.067584963741551,12
BIRLESIM_mean_3,yearend,27,6.233927277858451,9.411944136872805,-1.3096653076635425,19.66659958996765,25.262696608435366,2021-12,2.078057054640075,12
Ridge_wtum,yearend,27,6.747334659859581,10.029735765279764,-0.6510093503179705,20.849993825707667,23.608461428223546,2021-12,2.103309736986678,12
Ridge_sepet_wtum,yearend,27,6.794608608500059,10.456418556377473,-2.024005564609528,20.806350473831863,28.57871468253399,2021-12,2.236246328528216,12
SARIMA_w60,yearend,27,6.821374998466605,10.589606615634873,-2.1503565475714805,21.550443290051945,28.552228893772593,2023-12,2.138812324738109,12
ElasticNet_wtum,yearend,27,6.871357848436718,10.017716841004829,-0.41776387693658174,21.992229767837905,24.107064269092508,2021-12,2.190493257363275,12
Ridge_w120,yearend,27,7.34395638584636,11.111310620901103,-2.933410483285581,21.860928678641056,29.323999800894534,2021-12,2.27566766849497,12
SARIMA_wtum,yearend,27,7.547487919476061,11.502462787176837,0.6606479439285344,23.147364934299173,31.568489058719123,2022-12,2.392672414684432,12
LightGBM_sepet_wtum,yearend,27,7.746934956976243,12.087035354214338,-5.7198394722650905,21.851333457285538,31.507680453041793,2023-12,2.325673584036645,12
SARIMA_w120,yearend,27,8.10054256242253,13.209593785543397,-1.8144668704931495,22.1185259597683,41.6992008183573,2022-12,2.3884942466073547,12
LightGBM_w120,yearend,27,8.128665911440242,12.363471170015323,-7.185981234459361,23.391952604866773,30.98009222694553,2023-12,2.35015978143232,12
ETS_damped_seasonal_wtum,yearend,27,8.31621793925912,12.962188666022492,-0.694288371652734,26.542508870184566,39.76194502410749,2022-12,2.4765859630636182,12
AutoTheta_wtum,yearend,27,8.559435610520435,13.665494039036425,-0.11230339741827085,26.889055124430172,45.14653968692912,2022-12,2.5373384118938542,12
ortalama_12ay,yearend,27,8.60653598067937,12.744568610467638,-0.257078898273505,26.406534337573774,32.881441999203986,2022-12,2.6087568468461755,12
UCM_llt_seasonal_wtum,yearend,27,8.73582907063921,13.965184141054307,0.48963069544883336,26.059645793062803,45.23053978399366,2022-12,2.6397034418524825,12
naive_mevsimsel_12,yearend,27,8.834299398054483,12.481389628410426,-1.9053346215452722,29.742313381952656,26.20522651857975,2022-12,2.6495937222271406,12
ortalama_6ay,yearend,27,9.560693653978872,15.218786038758946,1.8050925357984342,26.615918116093773,51.217594587398594,2022-12,2.853360204485789,12
ortalama_3ay,yearend,27,10.085294494959468,15.749652962275633,3.5146866417722276,30.73385369088169,46.861758850863694,2023-12,3.0161347945042234,12
ETS_damped_seasonal_w60,yearend,27,10.274481263523937,17.5046143282158,3.2404959202025094,29.311869110328743,65.49142849059021,2022-12,3.1799339255628025,12
AutoTheta_w120,yearend,27,10.32950655720554,16.811660235017392,2.6824030757319566,28.501348681048643,57.53105022235687,2022-12,3.076464113508732,12
UCM_llt_seasonal_w120,yearend,27,10.358305787303383,17.31213121779081,3.044345255630036,27.780537542790924,63.934967585403655,2022-12,3.0750067772557625,12
ETS_damped_seasonal_w120,yearend,27,10.37327596121505,16.8929947946709,2.234043893999524,28.260769022213157,61.28454128218283,2022-12,3.1083823327864244,12
AutoTheta_w60,yearend,27,10.413939167438466,17.31190535321548,3.5103219806237953,28.687384946547102,59.6318223328436,2022-12,3.075746791343327,12
naive_son_ay,yearend,27,12.532520484783584,23.632957297342386,5.699972727006565,31.93924849897489,76.30674400990264,2022-12,3.560967870930164,12
BIRLESIM_mean_3,yoy1,115,1.9760377164554839,3.1853225526836484,-0.3526085518571386,17.052419958583894,15.547832719416967,2021-12,1.0333924410304287,57
BIRLESIM_median_3,yoy1,115,1.9794184367277,3.215641714782543,-0.38028923663892283,17.67493027578313,15.984784193813034,2021-12,1.0373275277910123,57
ElasticNet_wtum,yoy1,115,1.9932335702103,3.182669299822133,-0.19293090176473976,16.578909292070993,15.499597330374183,2021-12,1.045985911199295,57
SARIMA_wtum,yoy1,115,2.008223424727092,3.2413441091948023,-0.2059156996442464,16.398908394826613,15.930969690610862,2021-12,1.045972708315066,57
LightGBM_wtum,yoy1,115,2.027624928619687,3.307166929321609,-0.3172255086377268,18.94833874224905,16.027873242295797,2021-12,1.0697484323583633,57
SARIMA_w60,yoy1,115,2.048446403800285,3.3712318929845733,-0.5517797043693488,15.175106331183919,14.625983386338309,2021-12,1.0559889317953222,57
Ridge_sepet_wtum,yoy1,115,2.059529220500955,3.4183080402360897,-0.6540991591876539,18.239561607070552,15.955836289593599,2021-12,1.0995881562313357,57
ortalama_3ay,yoy1,115,2.0857918451212054,3.293937554835838,0.02715809935363955,13.869966866406038,14.65680183030775,2021-12,1.066185841903781,57
Ridge_wtum,yoy1,115,2.095773897761208,3.2885051807952075,-0.18072653560197435,18.451847220150704,15.984784193813034,2021-12,1.1033699770571344,57
Ridge_w120,yoy1,115,2.107343426807708,3.399027280606408,-0.7644530596577023,15.137018266505683,16.237925728350778,2021-12,1.133342400950417,57
SARIMA_w120,yoy1,115,2.1172080271743106,3.4301697839953316,-0.8099531257070364,15.43974144637897,14.987842676165648,2021-12,1.0973176484717104,57
AutoTheta_w120,yoy1,115,2.154576610092227,3.42693504867495,0.09115543956596589,15.692824291591387,14.379113941911438,2021-12,1.121254562888908,57
AutoTheta_w60,yoy1,115,2.16933650612643,3.47984983779284,0.14975878505175882,15.263538157241657,14.05782142284805,2022-01,1.1213830321592617,57
UCM_llt_seasonal_w120,yoy1,115,2.2017962055463,3.547453162528591,0.13573299393656502,13.553369486675527,13.868240932531094,2022-01,1.175614209768802,57
ETS_damped_seasonal_w120,yoy1,115,2.2154541959187393,3.5515175496325226,0.02327743497651222,14.005291744785216,14.070166546506044,2022-01,1.1912023082289365,57
ortalama_6ay,yoy1,115,2.223221319122472,3.4773096415628624,-0.01798228914997324,15.742715359978604,15.27136886792957,2021-12,1.1389934079467503,57
UCM_llt_seasonal_wtum,yoy1,115,2.240973040669243,3.4636572500990996,-0.21124791368110601,17.87594587263594,16.60072379941469,2021-12,1.188685225654044,57
naive_son_ay,yoy1,115,2.2574861000991215,3.5715887544199143,0.04547038151600635,13.27724912521655,14.35207948571238,2022-04,1.161113981312923,57
AutoTheta_wtum,yoy1,115,2.2905604766202847,3.515484296734926,-0.17017535190913263,19.547148232930144,16.836781125803103,2021-12,1.2069711868509376,57
ETS_damped_seasonal_wtum,yoy1,115,2.3106715344743964,3.5558617286293357,-0.24190190703037887,19.94932447641509,17.306956370853516,2021-12,1.2228072059412805,57
ortalama_12ay,yoy1,115,2.311384119901588,3.6481796956829418,-0.19335124129281536,16.488141553749003,16.641398538119034,2021-12,1.1889335488033774,57
ETS_damped_seasonal_w60,yoy1,115,2.3325603631527754,3.6735469843275417,0.20749778209931338,15.195071286276871,14.198872246342845,2022-01,1.2439564493473014,57
LightGBM_w120,yoy1,115,2.559863597744979,4.376860625934967,-2.059690349570364,17.217786169717954,18.869743222966434,2022-03,1.3013440595317192,57
LightGBM_sepet_wtum,yoy1,115,2.56044734758656,4.336896198347492,-1.7395791071821578,19.643908759400244,18.53673795351004,2022-03,1.298512362856732,57
naive_mevsimsel_12,yoy1,115,3.191942097281216,5.189864262126211,-0.5336860020857459,27.184805721161315,19.84216322322446,2022-12,1.6321091778824104,57
ElasticNet_wtum,yoy10,106,14.995722874876389,24.822910140639323,-6.38064794807571,46.2205067094782,91.33764501469568,2022-07,2.080615089404326,43
Ridge_wtum,yoy10,106,15.066399394420324,24.784625766792814,-6.2316833668371565,45.29014584157996,92.40159439250297,2022-07,2.08477191435368,43
BIRLESIM_median_3,yoy10,106,15.077242014624535,25.777190121108454,-9.66668045841296,40.98205709063288,94.76987715164884,2022-07,2.087528604360461,43
BIRLESIM_mean_3,yoy10,106,15.10083671952361,25.50291089296796,-9.557943708177753,40.61313401833977,93.9094166731658,2022-07,2.0557667670625652,43
LightGBM_wtum,yoy10,106,15.887252838796979,25.91996411308281,-7.711330638869957,53.40190759981728,94.359060325252,2022-07,2.1513752168416516,43
SARIMA_wtum,yoy10,106,16.038629004098137,25.54055476452381,-5.638681256066706,47.3438372234243,88.95517953377174,2022-07,2.185215714616997,43
ETS_damped_seasonal_wtum,yoy10,106,17.051756622275697,27.434574089143865,-6.696174487254993,47.26797845138856,95.29141729414172,2022-07,2.3196587076762794,43
SARIMA_w60,yoy10,106,17.116617036084143,28.31907573362157,-14.277308543268855,37.956986132114515,94.95310944958688,2022-07,2.295299801585221,43
ortalama_12ay,yoy10,106,17.134176891184083,27.247927760488412,-6.904984778605442,50.55547417029443,93.85009380611372,2022-07,2.387900751012817,43
Ridge_sepet_wtum,yoy10,106,17.700750623793464,29.487619968963813,-12.852839281297564,42.9020178269274,96.8442766949766,2022-08,2.3470082462713795,43
UCM_llt_seasonal_wtum,yoy10,106,17.733903732743855,28.184377557006094,-6.313574381273314,49.26682378753064,95.28946454522239,2022-07,2.3978581924939886,43
AutoTheta_wtum,yoy10,106,17.83206885763334,28.16360468958622,-5.922371597119821,50.88287887104277,94.15686150326238,2022-07,2.3965975431399884,43
naive_mevsimsel_12,yoy10,106,18.624125426050625,29.28455703818239,-7.624390678570786,55.3972050504233,95.5422804436999,2022-07,2.55808694222905,43
Ridge_w120,yoy10,106,18.870317684670262,30.3749273167837,-16.66148225475899,46.04738612327933,98.88450608447111,2022-08,2.620967184087432,43
SARIMA_w120,yoy10,106,19.896140896932835,31.671450808286174,-16.982404484174957,41.813070652867594,99.69166718069957,2022-07,2.5739437689323124,43
ortalama_6ay,yoy10,106,20.9171666907026,32.06111106683785,-3.5331053008699778,60.56820777067038,90.60695121974037,2023-03,2.771132447160042,43
LightGBM_sepet_wtum,yoy10,106,21.114411632501668,33.07837091123668,-16.904113524555363,50.2385689908635,98.21760882133195,2022-08,2.4938538181991228,43
LightGBM_w120,yoy10,106,21.35868144369069,33.73202887895172,-20.701781040097707,41.83566355397165,100.08920993381044,2022-08,2.727937559891448,43
AutoTheta_w120,yoy10,106,23.316768464045246,40.28502571894652,0.09774350542587484,57.42154142870029,225.06196450131142,2022-10,3.046242432955902,43
ortalama_3ay,yoy10,106,24.44563915184986,35.75105429232125,-0.9086177401553059,73.41947316029074,120.1262582533741,2024-06,3.1647090989808726,43
ETS_damped_seasonal_w120,yoy10,106,24.785476747264433,44.89709882518898,-0.12790871964967793,59.470071658326795,286.178260149955,2022-10,3.3040913035408543,43
AutoTheta_w60,yoy10,106,25.23489305554034,44.850358618408464,1.9492856528470315,66.52334966803262,280.63841393798714,2022-10,3.316181111325658,43
UCM_llt_seasonal_w120,yoy10,106,25.520575967222424,47.1808107030288,1.9846307105175849,62.32568389013481,292.66061953315085,2022-10,3.3449857848125624,43
ETS_damped_seasonal_w60,yoy10,106,26.74042101898137,47.80451116132273,2.8933833321589226,70.44090153550775,298.52124999566735,2022-10,3.5914039371304614,43
naive_son_ay,yoy10,106,28.437468309848597,50.68364083317019,1.8318238602799695,88.12740454533187,277.542596698224,2022-10,3.660075342977761,43
ElasticNet_wtum,yoy11,105,16.174914806802743,26.833076112523095,-7.318950493081206,51.44100831429712,92.83173682990581,2022-08,2.1580453180960455,42
Ridge_wtum,yoy11,105,16.23227569300312,26.726172769492376,-7.167827269493379,50.02814342624925,93.35819030231089,2022-08,2.1585858119464914,42
BIRLESIM_mean_3,yoy11,105,16.417260011766285,27.774890971496966,-10.837310105394696,45.00803408967088,96.16745135752596,2022-08,2.1436281105909365,42
BIRLESIM_median_3,yoy11,105,16.483876297680368,28.06458185463127,-10.956411962807897,45.97192282301887,97.633885116237,2022-08,2.1876471019250046,42
LightGBM_wtum,yoy11,105,17.33609220650612,28.218370273776205,-8.742671487144056,60.00792418081646,97.22724386384638,2022-08,2.2666436660111993,42
SARIMA_wtum,yoy11,105,17.391406164081832,27.676815457630656,-6.608329849189027,53.396683654966246,91.15532449180247,2022-08,2.277406585310915,42
ETS_damped_seasonal_wtum,yoy11,105,18.460388099199506,29.671117904225216,-7.896314748850106,51.756077784971055,96.58116030273752,2022-08,2.406230150087127,42
ortalama_12ay,yoy11,105,18.872079059044438,29.519713267745807,-8.007529895372462,56.5012931743474,96.59827756590747,2022-08,2.5053363352445577,42
SARIMA_w60,yoy11,105,18.99348353353213,30.952850859587684,-16.07189660161486,41.2750223367573,97.86846959533194,2022-08,2.423461687993614,42
UCM_llt_seasonal_wtum,yoy11,105,19.285071902061496,30.549605699255125,-7.523848614449586,54.70566438837916,97.03834392058462,2022-08,2.5014844739540214,42
AutoTheta_wtum,yoy11,105,19.386754198352868,30.53243672643379,-7.10437489915509,56.152572618297405,95.28988075757377,2022-08,2.4937750337143263,42
Ridge_sepet_wtum,yoy11,105,19.50538726426626,32.02477465196542,-14.306654053356704,50.100457841146394,99.28833169435458,2022-09,2.4916924980903685,42
naive_mevsimsel_12,yoy11,105,19.754764285986074,30.649955971736393,-8.38932734434552,59.30399264216678,97.16845443174327,2022-08,2.604115501338511,42
Ridge_w120,yoy11,105,20.582761664842543,32.823235923178004,-18.517955508356373,48.82397554068862,101.34799677042221,2022-09,2.7375068872490944,42
SARIMA_w120,yoy11,105,21.610528820170927,34.379689311368416,-18.92736729660642,44.310240178466266,103.0566124707621,2022-08,2.6885124258921227,42
ortalama_6ay,yoy11,105,22.588745081564635,34.707269450888234,-4.673606282972583,67.69781140024787,99.1020988482188,2023-04,2.888562411835086,42
LightGBM_sepet_wtum,yoy11,105,23.026634951385585,35.628660175397144,-18.40803274090102,55.047441378816885,101.23212584356192,2022-09,2.632548367359856,42
LightGBM_w120,yoy11,105,23.315358664890006,36.3919557275465,-22.659827637829302,45.332445058534354,103.26898658306939,2022-09,2.8513668530087712,42
AutoTheta_w120,yoy11,105,26.093918870513527,45.30113573248174,-0.1571621753347254,66.99374415486974,266.9862315273235,2022-11,3.2616420916853692,42
ortalama_3ay,yoy11,105,27.12680212702623,39.22663688118004,-1.5250062370414341,84.51879182023873,130.55744964554944,2024-07,3.3713764711820398,42
ETS_damped_seasonal_w120,yoy11,105,27.777259817983282,50.70072980157347,-0.3014199914824353,69.408080434127,335.96335774039073,2022-11,3.5485905534636757,42
AutoTheta_w60,yoy11,105,28.258864296891733,50.89289899548961,1.9607476410549582,76.84886152623255,333.55899216338696,2022-11,3.55764539185264,42
UCM_llt_seasonal_w120,yoy11,105,28.69265947844583,53.62465655216765,2.1684145522533,73.76146549150788,345.389292958002,2022-11,3.598710205615866,42
ETS_damped_seasonal_w60,yoy11,105,29.89520445230991,54.18598958855557,2.933541124558458,81.42642630673632,351.65700304982147,2022-11,3.8502078397140456,42
naive_son_ay,yoy11,105,31.622403944431092,57.63698415191188,2.3799495647050155,99.0137177358229,329.3967239886356,2022-11,3.9155248118068,42
Ridge_wtum,yoy12,104,17.303375248817655,28.555146835113455,-8.319269810408363,54.45310727081668,95.28507309792697,2022-09,2.2291568147932765,40
ElasticNet_wtum,yoy12,104,17.320537646760247,28.76398105612885,-8.460098898519865,56.262540892502976,95.27231082723404,2022-09,2.2389937529527146,40
BIRLESIM_mean_3,yoy12,104,17.935571374386836,30.022733876361077,-12.372399541960023,50.11168008761727,98.56068792969862,2022-09,2.2570620785306064,40
BIRLESIM_median_3,yoy12,104,18.045955978334916,30.31536466694382,-12.44299212420494,51.61849884630001,99.9837598640208,2022-09,2.3070279400101223,40
SARIMA_wtum,yoy12,104,18.61031409543166,29.64195803357332,-7.742874554526992,59.690441339623945,93.28473444327645,2022-09,2.369764862198989,40
LightGBM_wtum,yoy12,104,19.037941752230367,30.491629050721432,-9.91770531695613,67.70824269835478,99.5778175333559,2022-09,2.40229356362359,40
ETS_damped_seasonal_wtum,yoy12,104,19.918087802216704,31.672383719633455,-9.311343782402751,56.966042946363636,98.89877541138547,2022-09,2.5311272388876387,40
ortalama_12ay,yoy12,104,20.619029972535106,31.7386741590975,-9.176293610748981,62.64175640840638,99.31113633424451,2022-09,2.6340066758933034,40
naive_mevsimsel_12,yoy12,104,20.61902997253511,31.7386741590975,-9.176293610748981,62.64175640840638,99.31113633424452,2022-09,2.6340066758933034,40
AutoTheta_wtum,yoy12,104,20.834602991897786,32.62960078216324,-8.547547727941167,61.779123835325635,97.49964979658412,2022-09,2.610371367646062,40
UCM_llt_seasonal_wtum,yoy12,104,20.88343342694477,32.6372284363887,-8.9542573607423,60.972342505226116,98.93764004967028,2022-09,2.6301010767158317,40
SARIMA_w60,yoy12,104,21.138348918226498,33.62318140259511,-18.269048709380886,46.32360789263371,100.7516645723939,2022-09,2.5827658400899804,40
Ridge_sepet_wtum,yoy12,104,21.403054369776196,34.480190005608556,-15.99772313155246,57.13181087178755,102.19003795282961,2022-10,2.6380735088346694,40
Ridge_w120,yoy12,104,22.369536754471184,35.29270494681626,-20.454425243440646,52.32984529083169,104.09650893375854,2022-10,2.8523579021077294,40
SARIMA_w120,yoy12,104,23.25322355449596,36.91999504857176,-20.986283094956182,47.02389902406679,106.4025124219382,2022-09,2.808194062999844,40
ortalama_6ay,yoy12,104,24.190584825899936,37.01011495910946,-6.045364032263757,74.93791291567359,108.95092128997953,2023-05,3.006066449741413,40
LightGBM_sepet_wtum,yoy12,104,24.933025485458664,38.05309370596556,-19.88253437233764,60.005027628866415,103.79435885493172,2022-10,2.7747958644090085,40
LightGBM_w120,yoy12,104,25.23825132704303,38.93641440901927,-24.602087661428335,48.89720056936276,105.96865348120187,2022-10,2.9779532123311263,40
AutoTheta_w120,yoy12,104,28.11677138906979,48.423965673464274,-1.122098132202572,77.16270033341068,281.7885790637306,2022-12,3.4022729387299706,40
ortalama_3ay,yoy12,104,29.240344736931792,42.272268836730085,-2.7506341663708573,97.41046170133393,143.01411645901243,2024-08,3.549846994584304,40
ETS_damped_seasonal_w120,yoy12,104,30.19470753771341,54.632164043100445,-1.116930400945334,80.74147742026075,360.39325653945207,2022-12,3.7412476230826455,40
AutoTheta_w60,yoy12,104,30.438681944623912,54.61645888267817,1.1761271576797063,89.34394739238687,354.2671080819696,2022-12,3.7247894450035073,40
UCM_llt_seasonal_w120,yoy12,104,31.24668945100389,58.17868781595497,1.6903007111930617,87.2220919646218,372.62247320989275,2022-12,3.79919761017433,40
ETS_damped_seasonal_w60,yoy12,104,32.29898855523625,58.59151785512044,2.2952847884774745,93.95069580245416,380.8503556467284,2022-12,4.047083253845616,40
naive_son_ay,yoy12,104,34.22801112979177,61.879480038862326,2.024738200081163,115.61568651550633,349.23888721186006,2022-12,4.104171058276751,40
BIRLESIM_mean_3,yoy2,114,3.4709467684880995,5.797927921919176,-0.9997772333348869,15.467209742108249,21.646954418102,2023-07,1.0586266418066639,55
BIRLESIM_median_3,yoy2,114,3.537069488787711,5.82098343318745,-1.0722554373506847,15.810099128841843,22.167516151648897,2023-07,1.0843660668966733,55
SARIMA_wtum,yoy2,114,3.651078189821281,5.815559432704055,-0.5023561678671222,15.526101025653604,20.994068295135285,2023-07,1.1001694199737004,55
LightGBM_wtum,yoy2,114,3.654315633145303,5.853238220746955,-0.9152046220753726,17.20957729271923,20.38128373454947,2022-01,1.1336803952464183,55
ElasticNet_wtum,yoy2,114,3.723285427602466,5.89674993493057,-0.5806641398904002,16.29011201442456,21.50514054322303,2023-07,1.1357677230580798,55
SARIMA_w60,yoy2,114,3.728486985276514,6.289278512489408,-1.4946947207749737,14.54531903734754,22.58318416185709,2023-07,1.1136336843790793,55
Ridge_sepet_wtum,yoy2,114,3.7895405784029323,6.435429551185167,-1.6341090039832809,16.79818665876731,25.835602209613093,2022-03,1.163509674267289,55
ortalama_3ay,yoy2,114,3.8629500160287695,6.246611805058722,0.05063675916742065,19.27276643201967,26.05692811001188,2023-10,1.1106094669486095,55
Ridge_w120,yoy2,114,3.896556642131964,6.439839525382622,-2.0096723630381477,14.87813753657033,24.877899422901656,2022-03,1.198660682316721,55
Ridge_wtum,yoy2,114,3.911981608008888,6.0710489699769274,-0.5607775867005226,17.665209712329524,22.409188573837355,2023-07,1.1909057943105452,55
AutoTheta_w120,yoy2,114,3.9869947699241575,6.48608194243733,0.18190328006081763,16.24018885206608,24.15064134897088,2022-02,1.1857024506682416,55
SARIMA_w120,yoy2,114,4.001568636684772,6.578377914135397,-2.051768599564502,14.960157770115117,22.620432371690384,2022-03,1.186138193770543,55
AutoTheta_w60,yoy2,114,4.058197437257857,6.707123525505016,0.3247515305361936,16.231049531780204,28.547023056280196,2022-02,1.2028875126932728,55
UCM_llt_seasonal_wtum,yoy2,114,4.1441715418154415,6.303428161880793,-0.5141114115767734,17.46762255012243,22.60525052718027,2021-12,1.258205823650179,55
AutoTheta_wtum,yoy2,114,4.187587422774257,6.321645696657745,-0.44964482827529967,18.20684287289121,22.951527317948344,2021-12,1.2640032090725668,55
ortalama_6ay,yoy2,114,4.197601204555582,6.457760066505763,-0.09358146316477158,16.942626923245925,20.81139028960611,2023-07,1.2338622694967016,55
ETS_damped_seasonal_wtum,yoy2,114,4.213592394358855,6.366329517348723,-0.5939041726846532,18.34193649688295,23.373264445276167,2021-12,1.2802125020002986,55
ETS_damped_seasonal_w120,yoy2,114,4.22752398981778,6.887610764285465,0.06692953542956764,17.11377700297492,27.76505438161152,2022-02,1.299998124922606,55
UCM_llt_seasonal_w120,yoy2,114,4.231470650995289,6.8756510820334595,0.30387774313067806,17.777615058252195,27.408394268392627,2022-02,1.284620299816798,55
ortalama_12ay,yoy2,114,4.308682507431345,6.6434798121011,-0.4966086589574994,16.016759321459382,21.904451172990854,2022-01,1.2689943302452178,55
ETS_damped_seasonal_w60,yoy2,114,4.453218560194448,7.073133339257941,0.4819134920585349,18.493503592872155,28.124762179918818,2022-02,1.3685525557146165,55
naive_son_ay,yoy2,114,4.503498083202835,7.249460592266785,0.13693887509727395,21.479165896238126,28.535932625668394,2022-02,1.3217325169300567,55
LightGBM_w120,yoy2,114,4.878805547821197,8.099818107456418,-4.161753339006958,16.21740684365659,27.786770761149533,2022-03,1.4115595685253943,55
LightGBM_sepet_wtum,yoy2,114,4.926154793818196,8.01519659652186,-3.5153431272342823,18.417369905318974,27.19379527268275,2022-03,1.4240063717453295,55
naive_mevsimsel_12,yoy2,114,5.945717110104229,9.138649789765958,-1.1764506905000873,25.118884496102478,29.83727319919128,2022-03,1.7628183451935067,55
BIRLESIM_mean_3,yoy3,113,4.981920375765393,8.110892572283277,-1.7687950813252549,18.098971006117377,29.00275673441473,2023-08,1.2588547828544128,54
BIRLESIM_median_3,yoy3,113,5.112925425229621,8.26398044433422,-1.8747628075796288,18.36785589768066,29.244554729180336,2023-08,1.2957874393534294,54
LightGBM_wtum,yoy3,113,5.150225780338722,8.21998053563739,-1.5205968949349626,20.87287521803764,27.895655602382547,2022-02,1.3241919859028959,54
SARIMA_w60,yoy3,113,5.226766870815005,8.70235983612585,-2.710596467537149,17.833015355982283,31.165631342351332,2023-08,1.288584938795951,54
SARIMA_wtum,yoy3,113,5.241099880927585,8.292845963291215,-0.8789974307846253,19.003588167966214,28.547518663939584,2023-08,1.3031269158960206,54
ElasticNet_wtum,yoy3,113,5.34446882948822,8.438140276288646,-1.1009432660586653,20.057950523293684,28.528328803202086,2023-08,1.347158928102517,54
Ridge_wtum,yoy3,113,5.4948645870323,8.622162672684862,-1.0159029151497427,20.238723211363233,28.81777144246984,2023-08,1.3940882682013036,54
Ridge_sepet_wtum,yoy3,113,5.675716728005574,9.521458005372033,-2.7485244259864348,19.533242610980576,32.19848497765204,2022-04,1.428865484505216,54
SARIMA_w120,yoy3,113,5.750299348395505,9.465415382942105,-3.576901766372247,18.168635499284346,30.28198798629483,2023-08,1.3739759531617555,54
Ridge_w120,yoy3,113,5.784780851665407,9.507538250300803,-3.5409467036557722,18.420933322360703,32.01114180323995,2022-02,1.4759114924007566,54
UCM_llt_seasonal_wtum,yoy3,113,5.8351489394811,9.032971452878012,-0.9008281563858893,21.07448474819874,28.687149658051595,2022-02,1.4505067596036758,54
AutoTheta_w120,yoy3,113,5.838374809153236,9.407423941752441,0.26609784232988093,20.56153812408992,29.04876364943398,2023-11,1.4161256539292424,54
AutoTheta_wtum,yoy3,113,5.860012964158244,8.967836706075238,-0.8093252653412122,22.318622957858718,29.264719558212903,2022-10,1.458019323364779,54
ETS_damped_seasonal_wtum,yoy3,113,5.879205472312739,9.008481941149366,-1.0333413700643952,21.380465059522084,28.60998989211668,2022-02,1.4649179299124053,54
ortalama_3ay,yoy3,113,5.97262625261146,9.424999112768566,0.05765362247093543,24.306644249603,37.32859246459405,2023-11,1.3962161409598983,54
AutoTheta_w60,yoy3,113,6.097669473273305,9.843111761944533,0.519834031590066,21.237988043507745,35.88237147063643,2022-03,1.4729937044851964,54
ortalama_12ay,yoy3,113,6.1069867813299625,9.495552621792712,-0.9161050532229061,20.365598541940734,30.141628480835685,2022-02,1.4779355946443502,54
ETS_damped_seasonal_w120,yoy3,113,6.144593299967254,10.029028748171699,0.1280580287281365,21.51828618485766,34.90431893290118,2022-03,1.5406917664736033,54
UCM_llt_seasonal_w120,yoy3,113,6.223279616564999,10.080988100734174,0.5125372982492751,22.194904308025418,34.47775125896918,2022-03,1.5397083835062657,54
ortalama_6ay,yoy3,113,6.279551113334642,9.50185550239957,-0.21125870717453193,21.512440540002263,29.8778765518079,2022-10,1.5019170703268294,54
ETS_damped_seasonal_w60,yoy3,113,6.526089404026038,10.413872708087144,0.7997578420638205,23.659423681368754,35.10004658132475,2022-03,1.62358729515366,54
naive_son_ay,yoy3,113,6.88390225475883,10.881119224856654,0.25565293404895173,28.21071909055212,38.13672080588475,2022-09,1.607507221126569,54
LightGBM_w120,yoy3,113,7.0755335125158245,11.65310779672618,-6.276567172614033,19.202542338541416,35.32551281034292,2023-08,1.6547069887916943,54
LightGBM_sepet_wtum,yoy3,113,7.156743721189582,11.523117492657395,-5.294628522192341,22.44332945824169,35.473613340813564,2023-08,1.6499798773291092,54
naive_mevsimsel_12,yoy3,113,8.246560933322744,12.650942998803416,-1.9143370966867792,29.55259250334132,37.10185025890601,2022-03,1.9765345789569526,54
BIRLESIM_mean_3,yoy4,112,6.46968554024987,10.72770054210443,-2.6150540213319657,21.188443742794565,45.4422333695192,2022-03,1.4647256122951124,52
BIRLESIM_median_3,yoy4,112,6.690951346505076,10.913265486760066,-2.7127803373618193,21.85211292019948,46.10923202271317,2022-03,1.5190656179150197,52
LightGBM_wtum,yoy4,112,6.776684899033514,10.79991119446833,-2.15470870251623,25.48883062346799,46.25783060410753,2022-03,1.5494744235960933,52
SARIMA_wtum,yoy4,112,6.8705403399052285,10.930240544190156,-1.3277771368571665,22.628377335651216,45.17154295362099,2022-03,1.5310107406088256,52
ElasticNet_wtum,yoy4,112,6.914541558089224,11.004812043014633,-1.558819898833752,24.130845915596712,45.70944812645162,2022-03,1.5627477046364184,52
Ridge_wtum,yoy4,112,7.0215223586451065,11.194795993329382,-1.5155399420424882,23.980673326347304,44.69402780314708,2022-03,1.5820840828310925,52
SARIMA_w60,yoy4,112,7.04211002145541,11.667278874605996,-4.079536404465186,21.30705763156028,45.370374246451036,2022-03,1.5673283603116226,52
UCM_llt_seasonal_wtum,yoy4,112,7.450696834956373,11.876836116538554,-1.379053164447533,25.098675979996678,45.812731082860346,2022-03,1.6534916529139967,52
ETS_damped_seasonal_wtum,yoy4,112,7.477426599404452,11.805815627164826,-1.5502639648533652,24.97790148683419,45.86459463723419,2022-03,1.6574129940078621,52
AutoTheta_wtum,yoy4,112,7.496733982221258,11.832746552374832,-1.2380371807249395,25.843364327065704,44.04090580172168,2022-03,1.6547769050597636,52
Ridge_sepet_wtum,yoy4,112,7.5019362701627506,12.77281478977907,-3.924980815238,23.240524944878963,51.103157670441334,2022-03,1.6605149332077571,52
Ridge_w120,yoy4,112,7.5988101014881915,12.728748971020696,-5.159305178082276,21.41891721674094,51.273768852844924,2022-03,1.738621542385453,52
ortalama_12ay,yoy4,112,7.783285223159861,12.354459444375024,-1.472863751620029,24.80121183991639,48.181998885655126,2022-03,1.7067547013634277,52
SARIMA_w120,yoy4,112,7.874285378854585,12.87451777898045,-5.250060601332661,21.92404410825914,47.51199663527531,2022-03,1.6794082362663758,52
AutoTheta_w120,yoy4,112,8.13371593024497,13.202153100784617,0.3516293387936578,24.643551890878125,47.55098631851496,2022-04,1.7464697086738228,52
ortalama_3ay,yoy4,112,8.242465661297814,12.888655803583909,0.011665223583495024,28.993237113176345,46.861758850863666,2023-12,1.7050817913381318,52
ETS_damped_seasonal_w120,yoy4,112,8.356384408798181,14.081472846964537,0.16510101746445813,25.162006519860707,59.29962972890621,2022-04,1.850625895294166,52
UCM_llt_seasonal_w120,yoy4,112,8.418552062744645,14.213732688402082,0.7021884082818112,25.69164655110219,58.92620489249512,2022-04,1.8355306194615943,52
ortalama_6ay,yoy4,112,8.444815826106685,12.793203790251606,-0.3813474596688697,26.762687805738732,42.3750730788548,2022-03,1.804300261175617,52
AutoTheta_w60,yoy4,112,8.596434147992225,13.9289663642813,0.7434906143673169,26.58442877541079,58.76177793337061,2022-04,1.8383467217420668,52
ETS_damped_seasonal_w60,yoy4,112,8.83481179310401,14.715005893152023,1.0723379977706387,28.56582129363277,60.07209352784079,2022-04,1.9601616905734551,52
LightGBM_w120,yoy4,112,9.223334956006694,15.161390314456726,-8.38706644403214,22.57130302879584,52.653079159423996,2022-03,1.914977901273725,52
LightGBM_sepet_wtum,yoy4,112,9.319906639757079,14.99018292554194,-7.061146502554938,26.692091176649296,51.8477462193824,2022-03,1.8651873321273196,52
naive_son_ay,yoy4,112,9.599073492295533,15.499919840468511,0.4877568962035164,36.29500655962041,58.58713609123686,2022-04,1.9725806732375704,52
naive_mevsimsel_12,yoy4,112,10.168361086014405,15.853768285119985,-2.7638538108626682,33.79927527953873,55.80576674486956,2022-03,2.153791723518505,52
BIRLESIM_mean_3,yoy5,111,7.900441082878252,13.298321676391213,-3.6452920084922993,24.074240752094028,53.30031896193708,2022-03,1.5977589149495353,51
BIRLESIM_median_3,yoy5,111,8.097428680978638,13.526837703800716,-3.700760837986239,24.530069780445192,53.51412416957875,2022-03,1.6452051695312926,51
LightGBM_wtum,yoy5,111,8.342518846184513,13.297919168520442,-2.8828544477839344,30.588865852598047,53.248974104945404,2022-03,1.6874978430225986,51
Ridge_wtum,yoy5,111,8.371998529394604,13.58568644115477,-2.286738227965391,26.963024668324405,52.59959373442106,2022-03,1.6723034480725,51
ElasticNet_wtum,yoy5,111,8.408046251426804,13.396177876889551,-2.2690581594966104,28.16399533436657,52.49576690804239,2022-03,1.6831586825893572,51
SARIMA_wtum,yoy5,111,8.508494765693449,13.48341957464811,-1.8884736576462093,26.32300930822449,51.968070396048844,2022-03,1.6939574249024625,51
SARIMA_w60,yoy5,111,8.693668857585712,14.619191025863032,-5.635255111625406,24.094910765356296,54.04833348455328,2022-03,1.7480809546840448,51
ETS_damped_seasonal_wtum,yoy5,111,9.085553540176864,14.483616626916326,-2.182968646191056,28.942598230149517,54.33585871659043,2022-03,1.7918891943458937,51
UCM_llt_seasonal_wtum,yoy5,111,9.209094640861982,14.636958629125216,-1.9735471396851063,29.194800945401767,54.539280946807324,2022-03,1.8185076991035134,51
Ridge_sepet_wtum,yoy5,111,9.214815899604895,15.870026268133929,-5.410394823545862,26.296810260133945,58.49365286077344,2022-03,1.7946200812163948,51
ortalama_12ay,yoy5,111,9.327395875854508,15.033397161894191,-2.168421268238255,28.96943356948955,54.255133383715645,2022-03,1.859666230599959,51
AutoTheta_wtum,yoy5,111,9.353312197706924,14.594814445733606,-1.788725535934837,30.46500298065624,53.426551767042824,2022-03,1.8206889667387616,51
Ridge_w120,yoy5,111,9.372169489415281,15.863280057572988,-6.889696663136193,24.39140426710212,58.27322113274943,2022-03,1.9265105750536446,51
SARIMA_w120,yoy5,111,9.904732221330248,16.30091878532547,-7.122334027053361,24.720479496176985,56.547963998780986,2022-03,1.8933212528278454,51
AutoTheta_w120,yoy5,111,10.378822327913651,17.035347705396212,0.3424362409030854,29.78325620567221,66.7423365775909,2022-05,1.9952770470582641,51
ortalama_3ay,yoy5,111,10.57408381201026,16.43527634615171,-0.10602114170347099,36.40655148514587,60.859081438461956,2024-01,1.9725712140839775,51
ortalama_6ay,yoy5,111,10.587403759608964,16.109646190970057,-0.6385352902642254,32.06184649919528,49.83480214876691,2022-03,2.0282647174934576,51
ETS_damped_seasonal_w120,yoy5,111,10.604753279550177,18.2401162182879,0.12389385041399494,30.10849600545412,82.86492717798153,2022-05,2.0917851776515324,51
UCM_llt_seasonal_w120,yoy5,111,10.756266972499123,18.541212549136286,0.8476443218197426,31.5491467713896,82.72285864669145,2022-05,2.0932464918209637,51
AutoTheta_w60,yoy5,111,11.018068968102474,18.129823488905288,0.9052037067573566,33.171358354274766,82.5761995871405,2022-05,2.1051313380370082,51
ETS_damped_seasonal_w60,yoy5,111,11.15758562190736,19.10225137187064,1.2927562654718034,34.440364603945014,84.48080041959447,2022-05,2.215709517135528,51
LightGBM_w120,yoy5,111,11.294289554682395,18.55121270297916,-10.501965316064394,25.578578369577333,59.25220139025433,2022-04,2.110330340935426,51
LightGBM_sepet_wtum,yoy5,111,11.440539850496728,18.32690775643563,-8.816417984467693,31.541331168117832,58.23271787573432,2022-04,2.0186680674079183,51
naive_mevsimsel_12,yoy5,111,11.87793597593153,18.731958708183196,-3.608465100626284,37.521768588294115,61.421524384993674,2022-04,2.276504026318099,51
naive_son_ay,yoy5,111,12.255584682111097,20.609477320365478,0.6196103579587577,43.814698643813536,83.87979036792977,2022-08,2.236839593820547,51
BIRLESIM_mean_3,yoy6,110,9.250175039984384,15.670738826836034,-4.7347903849013235,27.229077710302168,59.83620709525931,2022-05,1.7200003818231928,49
BIRLESIM_median_3,yoy6,110,9.41708036032197,15.983787285781363,-4.783805238312479,27.47457904434815,61.09063903280591,2022-05,1.7629859937845116,49
ElasticNet_wtum,yoy6,110,9.662509000913492,15.746524345390148,-3.053768927943421,30.52753919050131,58.66269011384772,2022-05,1.7848562658697704,49
Ridge_wtum,yoy6,110,9.706581229918703,15.961041518066246,-3.019032127626788,29.440778443504982,58.22080250933047,2022-04,1.778354784435588,49
LightGBM_wtum,yoy6,110,9.7609783342763,15.746162769312479,-3.6986710187078176,35.588496483798615,61.35456715705414,2022-05,1.7918310020847006,49
SARIMA_wtum,yoy6,110,10.149851520798839,15.912607052206454,-2.5167899648123093,30.81971901566619,57.842432912110745,2022-05,1.8393883016088848,49
SARIMA_w60,yoy6,110,10.224338552590009,17.164440728598844,-7.304720868498642,27.61000352057573,60.55184673949082,2022-05,1.8843645408691558,49
ETS_damped_seasonal_wtum,yoy6,110,10.63475498817445,17.093297093738347,-2.882197649823736,31.563608703714745,60.553320009188724,2022-04,1.9396766941700878,49
Ridge_sepet_wtum,yoy6,110,10.735550115654847,18.613265317988937,-7.058599451858999,28.96738720405273,67.27344672238095,2022-05,1.9298819784631835,49
ortalama_12ay,yoy6,110,10.890522284306263,17.58051489825331,-2.970578583413136,32.57717288350575,62.42782575545676,2022-05,2.004750946159035,49
UCM_llt_seasonal_wtum,yoy6,110,10.937868197269216,17.35203138326952,-2.6356000246573523,32.41721773881246,59.83156037212144,2022-04,1.9891035155021437,49
AutoTheta_wtum,yoy6,110,10.956136061823774,17.2949385557776,-2.4047921195613142,33.412005658182295,59.4022683469056,2022-04,1.9761764405015743,49
Ridge_w120,yoy6,110,11.292884835269232,18.891965184939984,-8.83971992618163,28.33184970723633,67.65399130820501,2022-05,2.12254208683717,49
SARIMA_w120,yoy6,110,11.97101390259754,19.38254133749664,-9.11474387112565,28.61195360651399,63.939712474129074,2022-05,2.0818820423343882,49
AutoTheta_w120,yoy6,110,12.46102913072526,20.757848919702273,0.2939782232218143,34.426954388056224,82.04575314007593,2022-06,2.2033322421419816,49
ortalama_6ay,yoy6,110,12.817109161730402,19.45134966518334,-0.9166481758525264,37.17096019057201,57.210957280319946,2022-11,2.2363392154904735,49
ETS_damped_seasonal_w120,yoy6,110,12.84555105409751,22.320822297222126,0.03674275567476286,34.45141507968732,103.61000855995479,2022-06,2.325436988072268,49
UCM_llt_seasonal_w120,yoy6,110,13.133875625269217,22.93681406689648,0.9928499021084997,36.658041189624655,103.93776185075458,2022-06,2.341947519907928,49
ortalama_3ay,yoy6,110,13.191071568670042,20.09479690488913,-0.20207346401077111,43.98137275973838,73.15063585912718,2024-02,2.271909200788553,49
AutoTheta_w60,yoy6,110,13.30453488239959,22.277080587212065,1.0597972751574352,39.13316142497644,103.20166521081757,2022-06,2.3356066747949913,49
LightGBM_w120,yoy6,110,13.374248174983563,21.79926733766597,-12.594546774706878,29.545160174450917,69.12272509755933,2022-05,2.285912872555806,49
naive_mevsimsel_12,yoy6,110,13.376493067715321,21.309610967653413,-4.4567550965090055,40.56943947418496,70.73410630762643,2022-05,2.3761967174442717,49
LightGBM_sepet_wtum,yoy6,110,13.522172667419067,21.493312469449528,-10.488260677001795,36.58446821111856,67.85556198322162,2022-05,2.1511862023345225,49
ETS_damped_seasonal_w60,yoy6,110,13.760588017739853,23.59443970188243,1.5858084604088958,40.22814398365454,106.9144613505299,2022-06,2.5045159404886355,49
naive_son_ay,yoy6,110,14.71454915423726,25.39212098505685,0.6290897130277585,52.92005249129909,114.20397508533256,2022-09,2.5093626124784447,49
BIRLESIM_mean_3,yoy7,109,10.69095720938593,18.142120182210146,-5.8157780558867795,30.737628489680663,73.5012929817572,2022-06,1.7994413599245285,48
BIRLESIM_median_3,yoy7,109,10.854806760952973,18.4589317777163,-5.867539286642689,31.02752653310656,74.63771593819487,2022-06,1.8401541957572392,48
Ridge_wtum,yoy7,109,11.040160473128962,18.372065648720227,-3.69018033540671,32.39898124535474,71.15267856120208,2022-06,1.847120632637338,48
ElasticNet_wtum,yoy7,109,11.075786795578528,18.162241969772932,-3.749866080093664,33.80579777967251,71.86029869303933,2022-06,1.8579790545950974,48
LightGBM_wtum,yoy7,109,11.270690420455697,18.26958840892595,-4.558935730949262,39.12199746174973,74.43338936668593,2022-06,1.86224038679717,48
SARIMA_wtum,yoy7,109,11.719548497428567,18.413690568982474,-3.170925408627018,34.49642677142023,70.85569178690369,2022-06,1.9323554880817755,48
SARIMA_w60,yoy7,109,11.722932090917103,19.887003526206755,-8.956265253922208,29.560201681017475,74.88764229951114,2022-06,1.9717186599132515,48
Ridge_sepet_wtum,yoy7,109,12.190115024768486,21.265838342884106,-8.441995324352213,31.076983838179462,81.65116451620874,2022-06,1.9914439017482104,48
ortalama_12ay,yoy7,109,12.289012366190912,20.124946938828337,-3.83075766464944,35.87478117080819,76.17537810676967,2022-06,2.080650457255853,48
ETS_damped_seasonal_wtum,yoy7,109,12.342120387891121,19.821864122375867,-3.63641530003066,34.276300020633,74.31748866289036,2022-06,2.0687978506359728,48
UCM_llt_seasonal_wtum,yoy7,109,12.693799716032508,20.169132721342756,-3.359763279285371,35.16906237390698,72.88850364190377,2022-06,2.1214059948747575,48
AutoTheta_wtum,yoy7,109,12.797812587219408,20.14687179243224,-3.0603656980739085,36.51677124204848,71.0615330699756,2022-06,2.1178172244928315,48
Ridge_w120,yoy7,109,13.007195456813307,21.883523606567703,-10.825488433789591,31.771206024619765,82.30911362351615,2022-06,2.2328671874649966,48
SARIMA_w120,yoy7,109,13.891139006479296,22.553632592275182,-11.028746015965535,31.606609269551676,78.83705930149553,2022-06,2.201783782731185,48
naive_mevsimsel_12,yoy7,109,14.758128596774593,23.70126785243313,-5.254706777863242,43.77309388554512,83.03595098767174,2022-06,2.4081310118306116,48
ortalama_6ay,yoy7,109,14.915555405755866,22.768927110787207,-1.2536462059859788,42.33509118517047,65.90830054193128,2022-06,2.3809702907283072,48
AutoTheta_w120,yoy7,109,15.024277868694016,25.25585929236298,0.3423992982435956,38.40004688923202,109.28359606130084,2022-07,2.4089354070052833,48
LightGBM_w120,yoy7,109,15.327963048955853,24.94135305608127,-14.658019714625022,32.506442305763095,83.84079191384694,2022-06,2.3970026317625637,48
LightGBM_sepet_wtum,yoy7,109,15.390262560783992,24.540034832334676,-12.125054288345044,39.294126925714934,82.36763033269966,2022-06,2.2139332247471066,48
ETS_damped_seasonal_w120,yoy7,109,15.588880119565964,27.205616124727644,0.03517810264830402,38.874857813994204,136.29687162731813,2022-07,2.5612726004366104,48
ortalama_3ay,yoy7,109,15.978766646936704,23.990785978033372,-0.2832592736343531,49.93590513248936,83.97838771050799,2024-03,2.518296277086629,48
UCM_llt_seasonal_w120,yoy7,109,16.038332740045544,28.157571675148425,1.242038854939621,41.27320363553412,137.406609768733,2022-07,2.6195132920376887,48
AutoTheta_w60,yoy7,109,16.287911457425906,27.28315432634091,1.3496679348977019,44.98779320296599,137.01183614068734,2022-07,2.6144793158926545,48
ETS_damped_seasonal_w60,yoy7,109,16.924008343867932,28.8964695596791,1.9550092771073275,45.47240270603914,142.7480069559794,2022-07,2.8130150054685905,48
naive_son_ay,yoy7,109,18.10450692512479,31.299978502744963,0.9397595664214249,60.54382884221718,145.6320153876165,2022-10,2.816351416528669,48
BIRLESIM_mean_3,yoy8,108,12.025581191509309,20.66663390118732,-7.046064076031153,32.90919742188486,82.640374099785,2022-06,1.8353053988771224,46
BIRLESIM_median_3,yoy8,108,12.15356357565585,20.933844043631435,-7.153073820575559,33.356960970706886,82.90964961953179,2022-06,1.8760883818323115,46
ElasticNet_wtum,yoy8,108,12.352461070964297,20.530283755386748,-4.657834553356547,37.464939346497125,80.72502516631795,2022-06,1.8913359644932084,46
Ridge_wtum,yoy8,108,12.434466918815883,20.658810411390878,-4.539998857815342,36.51821279885234,81.45098899210096,2022-06,1.89645122712623,46
LightGBM_wtum,yoy8,108,12.750203877161809,20.87695855323845,-5.631376469392309,42.100988737071035,82.46912342773443,2022-06,1.9007337908627864,46
SARIMA_wtum,yoy8,108,13.160591400912004,20.85629628235887,-3.9165171065931657,38.16493958040571,79.36536432377022,2022-06,1.9872787555983467,46
SARIMA_w60,yoy8,108,13.406866425188051,22.712305599474924,-10.663462381729506,32.36409363008146,83.9882349772798,2022-06,2.0282540104022844,46
ortalama_12ay,yoy8,108,13.874455884861137,22.5670320426428,-4.798954177789308,40.73278508682674,83.16891696377553,2022-06,2.141943497268338,46
Ridge_sepet_wtum,yoy8,108,13.880388625705173,23.96092474734339,-9.992195461797914,34.908025434789344,88.63179555822995,2022-07,2.0520655940397208,46
ETS_damped_seasonal_wtum,yoy8,108,14.06227495341243,22.461017030323585,-4.529850502492306,38.66881484409663,84.65607352755339,2022-06,2.1239061563945163,46
UCM_llt_seasonal_wtum,yoy8,108,14.526340188312664,22.930416632420908,-4.221594232626968,39.75689750989101,83.96218892251375,2022-06,2.1896788581701543,46
AutoTheta_wtum,yoy8,108,14.614151829999273,22.91510305579673,-3.8667359995834243,40.968145076478464,83.20849664408686,2022-06,2.1848996128402103,46
Ridge_w120,yoy8,108,14.913238814974775,24.788335313966478,-12.91664612279867,36.39930940406193,89.62526938568462,2022-07,2.31804253280674,46
SARIMA_w120,yoy8,108,15.84788109550007,25.663676979646528,-12.991955085716745,34.94592268590695,88.13118877970287,2022-06,2.2797510171875115,46
naive_mevsimsel_12,yoy8,108,16.217816934237366,25.825177752208038,-6.066372822627233,48.24430239687788,89.16779974909535,2022-07,2.420979545837931,46
ortalama_6ay,yoy8,108,17.058537070393673,26.03210254804914,-1.7654391081466203,48.017087538459286,76.11727072625058,2022-06,2.4728987680814876,46
LightGBM_sepet_wtum,yoy8,108,17.26788947139382,27.502817467780957,-13.776278927751232,41.66120304737824,89.58533379345829,2022-07,2.2507226464313277,46
LightGBM_w120,yoy8,108,17.358611838464423,27.98628314124134,-16.708547739407667,35.71700318314609,91.23226129287204,2022-07,2.469726433128027,46
AutoTheta_w120,yoy8,108,17.826835882993695,30.070844568860203,0.3405403204984737,44.381603603953835,143.7791451960822,2022-08,2.5871576062031876,46
ETS_damped_seasonal_w120,yoy8,108,18.62095258119606,32.75058483852634,0.039872193335619456,44.661073704572885,180.890075094468,2022-08,2.7654430519788438,46
ortalama_3ay,yoy8,108,18.944863226651687,27.983146934017604,-0.4344224869794054,56.904067815312146,94.78952972223021,2024-04,2.7020595807271546,46
UCM_llt_seasonal_w120,yoy8,108,19.19679235530343,34.10188498066415,1.5297155392032806,47.23882904393966,183.20502152816653,2022-08,2.8297821351532813,46
AutoTheta_w60,yoy8,108,19.34619781076414,32.7762831398443,1.6239727872424181,51.48975613796497,179.2775115466364,2022-08,2.824442165867997,46
ETS_damped_seasonal_w60,yoy8,108,20.12421083088015,34.924623993684556,2.334634937519873,52.58755116676205,191.00244184347105,2022-08,3.0324152684788452,46
naive_son_ay,yoy8,108,21.524187750806195,37.549110316234895,1.3534339606793064,68.81894676658902,178.14426551443339,2022-11,3.0424349976593406,46
BIRLESIM_mean_3,yoy9,107,13.618158355995643,23.126046233617423,-8.308995099928069,36.5228830901941,89.44278407524405,2022-07,1.9360881707584974,45
BIRLESIM_median_3,yoy9,107,13.690434943545707,23.398859934440907,-8.446416571906722,37.05426440283316,89.69292298369797,2022-07,1.9706333111320216,45
ElasticNet_wtum,yoy9,107,13.731807919446604,22.717079287907758,-5.4960557905618,41.860273106978134,87.13277114323003,2022-07,1.9627777304900953,45
Ridge_wtum,yoy9,107,13.800135263783831,22.770892131046157,-5.3724427001761885,41.08578363474425,88.03030549520523,2022-07,1.9684807344256074,45
LightGBM_wtum,yoy9,107,14.364932365151443,23.447759169686215,-6.706096237079596,47.32513310500759,89.25464729455729,2022-07,2.0073642373240257,45
SARIMA_wtum,yoy9,107,14.580109195064734,23.217201579177775,-4.7650143577742,42.6378004300905,85.5277707339984,2022-07,2.0616436181520283,45
SARIMA_w60,yoy9,107,15.343053493614773,25.601150595713673,-12.468771227926222,35.51533590757101,91.02553378716762,2022-07,2.1487779714815978,45
ortalama_12ay,yoy9,107,15.458152453925242,24.92185814524876,-5.838707070417092,45.84017598310459,89.85885436214677,2022-07,2.2464864813569014,45
ETS_damped_seasonal_wtum,yoy9,107,15.547900463130194,24.954641589223684,-5.591174561708094,43.41957074698056,92.07016760963113,2022-07,2.2041520297259196,45
Ridge_sepet_wtum,yoy9,107,15.795172627354921,26.755001465853997,-11.40089215840991,38.30195513016915,95.1333603318659,2022-07,2.166554717814823,45
UCM_llt_seasonal_wtum,yoy9,107,16.13262051522729,25.584015752562408,-5.214810657924577,44.836221748130214,91.13902418385115,2022-07,2.273246549568949,45
AutoTheta_wtum,yoy9,107,16.2363150285658,25.514443725315182,-4.867225692115777,46.33040001259566,90.54027932488023,2022-07,2.2779979405604434,45
Ridge_w120,yoy9,107,17.014253417850874,27.69747554341986,-14.802763523311327,41.36987443209119,96.10009329890121,2022-07,2.4528657827706195,45
naive_mevsimsel_12,yoy9,107,17.449509958948262,27.69431481757587,-6.844660520816739,52.115136604331845,92.9200866769809,2022-07,2.4752875559150875,45
SARIMA_w120,yoy9,107,17.9120294943998,28.75149897224305,-15.016793754228582,38.69616496867854,95.69631714118364,2022-07,2.410362696533678,45
ortalama_6ay,yoy9,107,19.046796181578948,29.144672491066842,-2.5192376213417615,54.11302821311247,83.05988131377161,2023-02,2.5966119746749223,45
LightGBM_sepet_wtum,yoy9,107,19.20076970700373,30.37562063282684,-15.386750013619887,45.64819965128082,95.16948969399031,2022-07,2.34795807899466,45
LightGBM_w120,yoy9,107,19.411867254636316,30.932459400188158,-18.730021292791953,39.168182102286316,96.8730677380586,2022-07,2.5810151385829867,45
AutoTheta_w120,yoy9,107,20.493879347564878,34.97140858443488,0.1992126092430497,50.69416426301413,183.60766700918515,2022-09,2.79107942526914,45
ETS_damped_seasonal_w120,yoy9,107,21.705554806972682,38.6213726870323,-0.018184307160632237,51.99682047398005,233.53015454670526,2022-09,3.0136528080283194,45
ortalama_3ay,yoy9,107,21.836191910484132,32.06434196312991,-0.6094755113070123,65.03508006942613,112.39677704823819,2024-05,2.9207167220778456,45
AutoTheta_w60,yoy9,107,22.171875322996346,38.531892525140385,1.7617353296196159,58.81888595978377,228.55026511720627,2022-09,3.038914658125009,45
UCM_llt_seasonal_w120,yoy9,107,22.346269417137044,40.31859440763354,1.7633167178425928,54.65693254122055,237.62120626113727,2022-09,3.062225546665127,45
ETS_damped_seasonal_w60,yoy9,107,23.572799421310997,41.22771002240317,2.697858125454476,62.14889505319194,246.05396547639424,2022-09,3.307607802808113,45
naive_son_ay,yoy9,107,24.80659584241266,43.461637398481564,1.4753919334633074,78.75098598084843,226.3516164359508,2022-09,3.315927238922129,45
