model,MAE_yearend,n_yearend,MAE_c6,n_c6,MAE_c12,n_c12,S,uygun,sira
BIRLESIM_mean_3,6.233927277858451,27,7.723182662216834,110,17.935571374386836,104,7.850868302818804,True,1
BIRLESIM_median_3,6.233669837572784,27,7.857726369623296,110,18.045955978334916,104,7.902115411264151,True,2
LightGBM_wtum,6.072737120578499,27,8.216139956725112,110,19.037941752230367,104,8.01227843458767,True,3
Ridge_wtum,6.747334659859581,27,8.036808102482784,110,17.303375248817655,104,8.189780751542349,True,4
ElasticNet_wtum,6.871357848436718,27,8.037180835081136,110,17.320537646760247,104,8.266022724262395,True,5
SARIMA_w60,6.821374998466605,27,8.475835488272814,110,21.138348918226498,104,8.749410537384458,True,6
Ridge_sepet_wtum,6.794608608500059,27,8.839010197620981,110,21.403054369776196,104,8.86877366136395,True,7
SARIMA_wtum,7.547487919476061,27,8.370232527397002,110,18.61031409543166,104,8.900593919447903,True,8
Ridge_w120,7.34395638584636,27,9.333594037836447,110,22.369536754471184,104,9.443405718305868,True,9
ETS_damped_seasonal_wtum,8.31621793925912,27,8.712364901969588,110,19.918087802216704,104,9.595249014368019,True,10
AutoTheta_wtum,8.559435610520435,27,8.938191577317975,110,20.834602991897786,104,9.900579138697431,True,11
ortalama_12ay,8.60653598067937,27,8.973202550797954,110,20.619029972535106,104,9.91778535090052,True,12
UCM_llt_seasonal_wtum,8.73582907063921,27,8.92779411699103,110,20.88343342694477,104,10.008179020175312,True,13
SARIMA_w120,8.10054256242253,27,9.727645402716313,110,23.25322355449596,104,10.10394151371801,True,14
LightGBM_sepet_wtum,7.746934956976243,27,10.894195364617579,110,24.933025485458664,104,10.409722132116885,True,15
LightGBM_w120,8.128665911440242,27,10.740302225069808,110,25.23825132704303,104,10.62311534708939,True,16
naive_mevsimsel_12,8.834299398054483,27,10.93624867105753,110,20.61902997253511,104,10.64335723740346,True,17
ortalama_6ay,9.560693653978872,27,10.27229245681677,110,24.190584825899936,104,11.237162412022348,True,18
AutoTheta_w120,10.32950655720554,27,9.946790458468795,110,28.11677138906979,104,11.993418210770942,True,19
ortalama_3ay,10.085294494959468,27,10.626559522037486,110,29.240344736931792,104,12.163179027280105,True,20
ETS_damped_seasonal_w120,10.37327596121505,27,10.23887549092175,110,30.19470753771341,104,12.315098977776895,True,21
UCM_llt_seasonal_w120,10.358305787303383,27,10.428522077817766,110,31.24668945100389,104,12.468209040827748,True,22
AutoTheta_w60,10.413939167438466,27,10.63275968875261,110,30.438681944623912,104,12.482059601551253,True,23
ETS_damped_seasonal_w60,10.274481263523937,27,10.985675911642641,110,32.29898855523625,104,12.69029038713078,True,24
naive_son_ay,12.532520484783584,27,11.887977704511954,110,34.22801112979177,104,14.508706715202912,True,25
