model,MAE_yearend,n_yearend,MAE_c6,n_c6,MAE_c12,n_c12,S,uygun,sira,alt_donem
LightGBM_sepet_wtum,2.5836628804155786,18,4.390969222945467,66,8.040841678323371,60,3.671572662965324,True,1,2015-2020
SARIMA_w120,2.908189763158199,18,4.101363049173045,66,7.4967069902952055,60,3.7249934716763535,True,2,2015-2020
LightGBM_w120,2.9770987734120666,18,3.969891550998369,66,7.555556868705603,60,3.732782416217311,True,3,2015-2020
BIRLESIM_mean_3,2.8704639758495816,18,4.210818879750388,66,7.551390439239019,60,3.7406630933587675,True,4,2015-2020
BIRLESIM_median_3,2.8810831697016774,18,4.333674617453838,66,7.795546200732701,60,3.8083069071304276,True,5,2015-2020
Ridge_sepet_wtum,2.948201804399162,18,4.259818873970572,66,8.22548484130734,60,3.8694152289614028,True,6,2015-2020
Ridge_wtum,2.9388648250357,18,4.428446234163871,66,7.838324844472241,60,3.875685249717805,True,7,2015-2020
SARIMA_w60,3.187497717146908,18,4.300417507100417,66,7.842896496901754,60,3.9869135321084457,True,8,2015-2020
ElasticNet_wtum,3.185047007260547,18,4.6115572778590135,66,8.096395604204796,60,4.1041349481345115,True,9,2015-2020
Ridge_w120,3.119542954122125,18,4.645330688677291,66,9.196069508439853,60,4.184931929920448,True,10,2015-2020
SARIMA_wtum,3.290076394223809,18,4.741763378879079,66,8.800624279121543,60,4.276637278110163,True,11,2015-2020
LightGBM_wtum,3.1718347927066906,18,5.276958331953502,66,10.153099010910813,60,4.501498276301146,True,12,2015-2020
ETS_damped_seasonal_wtum,3.6230431523997777,18,4.766751774384405,66,9.091535805570208,60,4.513005004312209,True,13,2015-2020
UCM_llt_seasonal_wtum,3.642136286053517,18,4.908236546396914,66,9.760618581908796,60,4.633814593742064,True,14,2015-2020
ortalama_12ay,3.637959297189264,18,5.027255580410024,66,9.8911361329229,60,4.680065865728856,True,15,2015-2020
AutoTheta_wtum,3.751450993093021,18,5.014162264371973,66,9.715825247152056,60,4.72670179988261,True,16,2015-2020
naive_mevsimsel_12,4.033240839199525,18,5.712963898885962,66,9.8911361329229,60,5.122947286477794,True,17,2015-2020
ortalama_6ay,3.8350412930204083,18,5.694659556509057,66,11.499219544965033,60,5.159344597261465,True,18,2015-2020
AutoTheta_w120,4.11030927586876,18,5.31163764016485,66,11.161786993691859,60,5.175855556939897,True,19,2015-2020
UCM_llt_seasonal_w120,4.205873224704128,18,5.716057083761413,66,12.413413770367795,60,5.47968243698768,True,20,2015-2020
ETS_damped_seasonal_w120,4.409662100332714,18,5.5655087140467385,66,12.171225259381853,60,5.532572400351835,True,21,2015-2020
AutoTheta_w60,4.11926762546202,18,6.025695792981504,66,12.8646529311971,60,5.5657346062913735,True,22,2015-2020
ETS_damped_seasonal_w60,4.507502181265925,18,6.516161282894042,66,13.630603535609094,60,6.022410047188677,True,23,2015-2020
ortalama_3ay,4.800976263726103,18,6.635836249005433,66,14.810838097719817,60,6.352420442709273,True,24,2015-2020
naive_son_ay,5.173863487769421,18,7.5309528688075185,66,17.637954024919,60,7.127399355795808,True,25,2015-2020
LightGBM_wtum,11.874541776322117,9,12.624912393882532,44,31.153636399484302,44,14.02756242390646,True,1,2021-2024/8
BIRLESIM_mean_3,12.960853881876185,9,12.991728335916502,44,32.09581810413386,44,14.883612640314047,True,2,2021-2024/8
BIRLESIM_median_3,12.938843173315,9,13.143803997877486,44,32.023787493247035,44,14.90882585267695,True,3,2021-2024/8
ElasticNet_wtum,14.243979530789058,9,13.175616170914322,44,29.89891315933585,44,15.488963885681317,True,4,2021-2024/8
Ridge_wtum,14.364274329507346,9,13.449350904961157,44,30.210262163834134,44,15.674396085576168,True,5,2021-2024/8
SARIMA_w60,14.089129561106004,9,14.738962460031411,44,39.26851131094205,44,16.802017605767233,True,6,2021-2024/8
SARIMA_wtum,16.062310969980565,9,13.812936250173886,44,31.98716384494546,44,16.979983841535052,True,7,2021-2024/8
Ridge_sepet_wtum,14.487422216701857,9,15.707797183096595,44,39.37246736314282,44,17.342039221264372,True,8,2021-2024/8
Ridge_w120,15.792783249294827,9,16.36598906157518,44,40.33335572633209,44,18.41880224068266,True,9,2021-2024/8
ETS_damped_seasonal_wtum,17.702567512977808,9,14.630784593347363,44,34.681567797643744,44,18.47893266555527,True,10,2021-2024/8
AutoTheta_wtum,18.175404845375258,9,14.82423554673698,44,35.99657264382378,44,18.95217083562863,True,11,2021-2024/8
ortalama_12ay,18.543689347659583,9,14.892123006379848,44,35.247976117460844,44,19.118648122255788,True,12,2021-2024/8
UCM_llt_seasonal_wtum,18.9232146398106,9,14.957130472882206,44,36.05090821563019,44,19.446158747314037,True,13,2021-2024/8
naive_mevsimsel_12,18.436416515764407,9,18.771175829314874,44,35.247976117460844,44,20.21800026999919,True,14,2021-2024/8
SARIMA_w120,18.485248160951198,9,18.16706893303122,44,44.73938250567881,44,21.015207827047966,True,15,2021-2024/8
LightGBM_sepet_wtum,18.073479110097573,9,20.649034577125736,44,47.9678215860977,44,21.835579997806033,True,16,2021-2024/8
ortalama_6ay,21.0119983758958,9,17.138741807278333,44,41.4969920271748,44,21.89852077043846,True,17,2021-2024/8
LightGBM_w120,18.431800187496595,9,20.895918236176964,44,49.35101649750315,44,22.26295723310136,True,18,2021-2024/8
ortalama_3ay,20.653930957426205,9,16.612644431585565,44,48.91694469949357,44,22.267846373880747,True,19,2021-2024/8
AutoTheta_w120,22.767901119879102,9,16.89951968592472,44,51.237204655494246,44,23.8543170432543,True,20,2021-2024/8
ETS_damped_seasonal_w120,22.300503682979723,9,17.248925656234274,44,54.77218337180189,44,24.032198243838305,True,21,2021-2024/8
ETS_damped_seasonal_w60,21.80843942803996,9,17.68994785476555,44,57.75587721836417,44,24.16763573509006,True,22,2021-2024/8
AutoTheta_w60,23.003282251391354,9,17.54335553240927,44,54.4032669629332,44,24.505302706850912,True,23,2021-2024/8
UCM_llt_seasonal_w120,22.663170912501897,9,17.497219568902292,44,56.928429015507646,44,24.539911319722588,True,24,2021-2024/8
naive_son_ay,27.249834478811906,9,18.423514958068605,44,56.85081627280008,44,27.562036801987734,True,25,2021-2024/8
