asama,yil,baslangic,baslangic_ayi,ufuk_ay,model,tahmin_pct,gerceklesme_pct,hata_pp
geliştirme,2015,2015-06,6,6,BIRLESIM_mean_3,9.392767085011378,7.764988253226046,1.6277788317853323
geliştirme,2015,2015-06,6,6,BIRLESIM_median_3,9.496280892274434,7.764988253226046,1.7312926390483883
geliştirme,2015,2015-06,6,6,LightGBM_wtum,12.349259278953383,7.764988253226046,4.584271025727337
geliştirme,2015,2015-08,8,4,BIRLESIM_mean_3,6.683639373812156,7.764988253226046,-1.0813488794138904
geliştirme,2015,2015-08,8,4,BIRLESIM_median_3,6.383630175907218,7.764988253226046,-1.3813580773188283
geliştirme,2015,2015-08,8,4,LightGBM_wtum,8.5838607392539,7.764988253226046,0.8188724860278542
geliştirme,2015,2015-10,10,2,BIRLESIM_mean_3,9.537010636406173,7.764988253226046,1.7720223831801265
geliştirme,2015,2015-10,10,2,BIRLESIM_median_3,9.179200110745423,7.764988253226046,1.4142118575193772
geliştirme,2015,2015-10,10,2,LightGBM_wtum,10.675292866913178,7.764988253226046,2.9103046136871322
geliştirme,2016,2016-06,6,6,BIRLESIM_mean_3,8.172136727785894,10.186180468363283,-2.0140437405773888
geliştirme,2016,2016-06,6,6,BIRLESIM_median_3,8.310310417854616,10.186180468363283,-1.8758700505086665
geliştirme,2016,2016-06,6,6,LightGBM_wtum,10.976687573810251,10.186180468363283,0.7905071054469683
geliştirme,2016,2016-08,8,4,BIRLESIM_mean_3,8.08895837652348,10.186180468363283,-2.097222091839802
geliştirme,2016,2016-08,8,4,BIRLESIM_median_3,7.894550916500687,10.186180468363283,-2.291629551862596
geliştirme,2016,2016-08,8,4,LightGBM_wtum,9.876156158323091,10.186180468363283,-0.31002431004019115
geliştirme,2016,2016-10,10,2,BIRLESIM_mean_3,7.5778003336792965,10.186180468363304,-2.6083801346840074
geliştirme,2016,2016-10,10,2,BIRLESIM_median_3,7.215469448597278,10.186180468363304,-2.970711019766026
geliştirme,2016,2016-10,10,2,LightGBM_wtum,8.726503753278303,10.186180468363304,-1.459676715085001
geliştirme,2017,2017-06,6,6,BIRLESIM_mean_3,15.707220127284739,14.701423192810337,1.005796934474402
geliştirme,2017,2017-06,6,6,BIRLESIM_median_3,15.668070006484513,14.701423192810337,0.9666468136741759
geliştirme,2017,2017-06,6,6,LightGBM_wtum,16.828331728248138,14.701423192810337,2.126908535437801
geliştirme,2017,2017-08,8,4,BIRLESIM_mean_3,15.014601767339686,14.701423192810337,0.31317857452934916
geliştirme,2017,2017-08,8,4,BIRLESIM_median_3,15.55718821464791,14.701423192810337,0.8557650218375734
geliştirme,2017,2017-08,8,4,LightGBM_wtum,15.846870674818048,14.701423192810337,1.145447482007711
geliştirme,2017,2017-10,10,2,BIRLESIM_mean_3,13.541838284749108,14.701423192810314,-1.1595849080612055
geliştirme,2017,2017-10,10,2,BIRLESIM_median_3,13.255558829455861,14.701423192810314,-1.4458643633544526
geliştirme,2017,2017-10,10,2,LightGBM_wtum,14.331895861929024,14.701423192810314,-0.3695273308812901
geliştirme,2018,2018-06,6,6,BIRLESIM_mean_3,23.357389171843156,29.987205346695234,-6.629816174852078
geliştirme,2018,2018-06,6,6,BIRLESIM_median_3,23.02431133926013,29.987205346695234,-6.962894007435104
geliştirme,2018,2018-06,6,6,LightGBM_wtum,23.980516420985776,29.987205346695234,-6.006688925709458
geliştirme,2018,2018-08,8,4,BIRLESIM_mean_3,38.79140317937535,29.987205346695234,8.804197832680117
geliştirme,2018,2018-08,8,4,BIRLESIM_median_3,37.98869988692459,29.987205346695234,8.00149454022936
geliştirme,2018,2018-08,8,4,LightGBM_wtum,39.055209742118954,29.987205346695234,9.06800439542372
geliştirme,2018,2018-10,10,2,BIRLESIM_mean_3,39.74750695779117,29.987205346695255,9.760301611095912
geliştirme,2018,2018-10,10,2,BIRLESIM_median_3,39.86319556574471,29.987205346695255,9.875990219049456
geliştirme,2018,2018-10,10,2,LightGBM_wtum,41.69031715658047,29.987205346695255,11.703111809885215
geliştirme,2019,2019-06,6,6,BIRLESIM_mean_3,17.060583596455636,11.672454633182783,5.3881289632728535
geliştirme,2019,2019-06,6,6,BIRLESIM_median_3,16.8498410830763,11.672454633182783,5.1773864498935165
geliştirme,2019,2019-06,6,6,LightGBM_wtum,18.081667446233475,11.672454633182783,6.409212813050692
geliştirme,2019,2019-08,8,4,BIRLESIM_mean_3,14.239774700568763,11.672454633182806,2.567320067385957
geliştirme,2019,2019-08,8,4,BIRLESIM_median_3,14.59213179758585,11.672454633182806,2.919677164403044
geliştirme,2019,2019-08,8,4,LightGBM_wtum,15.76068260911605,11.672454633182806,4.088227975933243
geliştirme,2019,2019-10,10,2,BIRLESIM_mean_3,12.407561805738453,11.672454633182806,0.7351071725556473
geliştirme,2019,2019-10,10,2,BIRLESIM_median_3,12.04737111784464,11.672454633182806,0.3749164846618349
geliştirme,2019,2019-10,10,2,LightGBM_wtum,13.687254170276542,11.672454633182806,2.0147995370937366
geliştirme,2020,2020-06,6,6,BIRLESIM_mean_3,12.704658944498615,15.026252247170756,-2.3215933026721416
geliştirme,2020,2020-06,6,6,BIRLESIM_median_3,12.617725989158712,15.026252247170756,-2.408526258012044
geliştirme,2020,2020-06,6,6,LightGBM_wtum,12.997237993495347,15.026252247170756,-2.0290142536754097
geliştirme,2020,2020-08,8,4,BIRLESIM_mean_3,15.941610076798662,15.02625224717078,0.915357829627883
geliştirme,2020,2020-08,8,4,BIRLESIM_median_3,15.751369324828968,15.02625224717078,0.7251170776581883
geliştirme,2020,2020-08,8,4,LightGBM_wtum,16.041991032912016,15.02625224717078,1.0157387857412363
geliştirme,2020,2020-10,10,2,BIRLESIM_mean_3,14.159080114566391,15.026252247170756,-0.8671721326043649
geliştirme,2020,2020-10,10,2,BIRLESIM_median_3,14.546106788773194,15.026252247170756,-0.48014545839756195
geliştirme,2020,2020-10,10,2,LightGBM_wtum,14.783564079304323,15.026252247170756,-0.242688167866433
geliştirme,2021,2021-06,6,6,BIRLESIM_mean_3,20.82847581904168,46.09117242747705,-25.262696608435366
geliştirme,2021,2021-06,6,6,BIRLESIM_median_3,19.997929827475925,46.09117242747705,-26.093242600001123
geliştirme,2021,2021-06,6,6,LightGBM_wtum,19.562339612980615,46.09117242747705,-26.528832814496432
geliştirme,2021,2021-08,8,4,BIRLESIM_mean_3,22.69480857856776,46.09117242747702,-23.39636384890926
geliştirme,2021,2021-08,8,4,BIRLESIM_median_3,22.482710999253474,46.09117242747702,-23.608461428223546
geliştirme,2021,2021-08,8,4,LightGBM_wtum,23.616604113226746,46.09117242747702,-22.474568314250273
geliştirme,2021,2021-10,10,2,BIRLESIM_mean_3,24.972485017612577,46.09117242747705,-21.11868740986447
geliştirme,2021,2021-10,10,2,BIRLESIM_median_3,25.3326307533982,46.09117242747705,-20.75854167407885
geliştirme,2021,2021-10,10,2,LightGBM_wtum,25.72094317669398,46.09117242747705,-20.37022925078307
geliştirme,2022,2022-06,6,6,BIRLESIM_mean_3,107.58414578740934,94.50967502613858,13.07447076127076
geliştirme,2022,2022-06,6,6,BIRLESIM_median_3,107.31694096022974,94.50967502613858,12.807265934091163
geliştirme,2022,2022-06,6,6,LightGBM_wtum,102.19949925242706,94.50967502613858,7.689824226288479
geliştirme,2022,2022-08,8,4,BIRLESIM_mean_3,99.82301096961214,94.50967502613858,5.313335943473561
geliştirme,2022,2022-08,8,4,BIRLESIM_median_3,101.62476987147207,94.50967502613858,7.115094845333488
geliştirme,2022,2022-08,8,4,LightGBM_wtum,101.62476987147207,94.50967502613858,7.115094845333488
geliştirme,2022,2022-10,10,2,BIRLESIM_mean_3,96.14869410506887,94.50967502613858,1.6390190789302892
geliştirme,2022,2022-10,10,2,BIRLESIM_median_3,97.20331244919001,94.50967502613858,2.6936374230514275
geliştirme,2022,2022-10,10,2,LightGBM_wtum,98.0235795406353,94.50967502613858,3.5139045144967156
geliştirme,2023,2023-06,6,6,BIRLESIM_mean_3,76.07716522653432,83.63242022823727,-7.555255001702946
geliştirme,2023,2023-06,6,6,BIRLESIM_median_3,75.18591986432344,83.63242022823727,-8.446500363913827
geliştirme,2023,2023-06,6,6,LightGBM_wtum,72.12695905891562,83.63242022823727,-11.505461169321649
geliştirme,2023,2023-08,8,4,BIRLESIM_mean_3,97.1939408416063,83.63242022823725,13.561520613369055
geliştirme,2023,2023-08,8,4,BIRLESIM_median_3,93.76208599018581,83.63242022823725,10.129665761948559
geliştirme,2023,2023-08,8,4,LightGBM_wtum,86.5082025509732,83.63242022823725,2.875782322735944
geliştirme,2023,2023-10,10,2,BIRLESIM_mean_3,77.9060845573073,83.63242022823727,-5.72633567092997
geliştirme,2023,2023-10,10,2,BIRLESIM_median_3,78.83524169904426,83.63242022823727,-4.797178529193005
geliştirme,2023,2023-10,10,2,LightGBM_wtum,78.83524169904426,83.63242022823727,-4.797178529193005
nihai test,2024,2024-08,8,4,BIRLESIM_mean_3,65.53106867601277,53.295187583650375,12.23588109236239
nihai test,2024,2024-08,8,4,BIRLESIM_median_3,64.45208271836738,53.295187583650375,11.156895134717004
nihai test,2024,2024-08,8,4,LightGBM_wtum,68.55100591261862,53.295187583650375,15.255818328968246
nihai test,2024,2024-10,10,2,BIRLESIM_mean_3,61.327992358736296,53.295187583650375,8.032804775085921
nihai test,2024,2024-10,10,2,BIRLESIM_median_3,61.46786561438169,53.295187583650375,8.172678030731312
nihai test,2024,2024-10,10,2,LightGBM_wtum,62.63701781345321,53.295187583650375,9.341830229802838
nihai test,2025,2025-06,6,6,BIRLESIM_mean_3,42.43749873293721,39.453156037858285,2.9843426950789222
nihai test,2025,2025-06,6,6,BIRLESIM_median_3,41.74433245936462,39.453156037858285,2.2911764215063357
nihai test,2025,2025-06,6,6,LightGBM_wtum,40.38474338856977,39.453156037858285,0.9315873507114816
nihai test,2025,2025-08,8,4,BIRLESIM_mean_3,42.5658123177308,39.453156037858285,3.1126562798725175
nihai test,2025,2025-08,8,4,BIRLESIM_median_3,42.389277128328764,39.453156037858285,2.936121090470479
nihai test,2025,2025-08,8,4,LightGBM_wtum,42.389277128328764,39.453156037858285,2.936121090470479
nihai test,2025,2025-10,10,2,BIRLESIM_mean_3,41.0038911442548,39.453156037858264,1.5507351063965373
nihai test,2025,2025-10,10,2,BIRLESIM_median_3,41.506813534986776,39.453156037858264,2.053657497128512
nihai test,2025,2025-10,10,2,LightGBM_wtum,41.506813534986776,39.453156037858264,2.053657497128512
