tarih,aylik_pct,yillik_pct,ytd_pct,ytd_kaynak,kumulatif_2026-08_sonrasi_pct,model,veri_kesimi,aylik_lo80,aylik_hi80,aylik_lo95,aylik_hi95,aralik_olcusu
2026-09,3.1649341412114005,34.79022307893285,27.932874694767573,resmî YTD + tahmin,3.1649341412114005,BIRLESIM_mean_3,2026-08,0.6609575014793392,5.668910780943461,-4.566082240892821,10.895950523315623,AYLIK yüzde değişim (bileşik dönem aralığı değildir)
2026-10,3.1994190049415545,37.60135866849143,32.02598340132003,resmî YTD + tahmin,6.4656126505607565,BIRLESIM_mean_3,2026-08,0.5406543493011755,5.8581836605819335,-4.661062465017443,11.059900474900552,AYLIK yüzde değişim (bileşik dönem aralığı değildir)
2026-11,3.109016426557655,40.73564889409901,36.130692912591364,resmî YTD + tahmin,9.775646036501936,BIRLESIM_mean_3,2026-08,0.38876080922130063,5.82927204389401,-4.951053828353976,11.169086681469286,AYLIK yüzde değişim (bileşik dönem aralığı değildir)
2026-12,3.435236730528582,40.80308166202563,40.80710447704776,resmî YTD + tahmin,13.546699350322895,BIRLESIM_mean_3,2026-08,0.9291599961834209,5.941313464873742,-4.700644571109612,11.571118032166774,AYLIK yüzde değişim (bileşik dönem aralığı değildir)
2027-01,3.4826923046241154,42.88512431673571,3.4826923046241154,tahmin,17.50118151075127,BIRLESIM_mean_3,2026-08,0.9104066433171649,6.054977965931066,-4.921819367325079,11.88720397657331,AYLIK yüzde değişim (bileşik dönem aralığı değildir)
2027-02,3.4953673197698416,43.9104344741192,7.099792513057928,tahmin,21.608279409621513,BIRLESIM_mean_3,2026-08,0.7940763445100094,6.196658295029674,-4.505709623091293,11.496444262630977,AYLIK yüzde değişim (bileşik dönem aralığı değildir)
2027-03,3.51431887597763,45.79026149773985,10.863620737477198,tahmin,25.88198212766546,BIRLESIM_mean_3,2026-08,0.9139921537538958,6.114645598201363,-4.633900651449363,11.662538403404621,AYLIK yüzde değişim (bileşik dönem aralığı değildir)
2027-04,3.5234405904246655,44.2562528477968,14.769834550555927,tahmin,30.31735898198275,BIRLESIM_mean_3,2026-08,0.16278600710251911,6.884095173746812,-4.574730662580483,11.621611843429815,AYLIK yüzde değişim (bileşik dönem aralığı değildir)
2027-05,3.5222499127896336,46.31689884506328,18.812314947921692,tahmin,34.90746204507539,BIRLESIM_mean_3,2026-08,0.05109111492516627,6.993408710654101,-4.62049082944242,11.664990655021686,AYLIK yüzde değişim (bileşik dönem aralığı değildir)
2027-06,3.5158331251424335,48.07512300459314,22.989557673609276,tahmin,39.65058328394511,BIRLESIM_mean_3,2026-08,0.0024717342728317604,7.029194516012035,-4.554008765972705,11.585675016257573,AYLIK yüzde değişim (bileşik dönem aralığı değildir)
2027-07,3.4062241427971,48.80358949839853,27.17885768020712,tahmin,44.40739516731982,BIRLESIM_mean_3,2026-08,-0.18609265673349062,6.99854094232769,-4.784803650653123,11.597251936247323,AYLIK yüzde değişim (bileşik dönem aralığı değildir)
2027-08,3.7212694830376982,49.78118349493095,31.91152569993661,tahmin,49.78118349493095,BIRLESIM_mean_3,2026-08,0.031837127963353584,7.410701838112043,-4.4888208475126365,11.931359813588033,AYLIK yüzde değişim (bileşik dönem aralığı değildir)
