tarih,aylik_pct,yillik_pct,ytd_pct,ytd_kaynak,kumulatif_2026-08_sonrasi_pct,model,veri_kesimi
2026-09,2.8910549366359755,34.4323859961226,27.593242296878472,resmî YTD + tahmin,2.8910549366359755,BIRLESIM_median_3,2026-08
2026-10,2.8889534361760347,36.823197126840064,31.279351654542566,resmî YTD + tahmin,5.863529603745692,BIRLESIM_median_3,2026-08
2026-11,2.9213889104615958,39.6851139138646,35.114532075504236,resmî YTD + tahmin,8.956215017812747,BIRLESIM_median_3,2026-08
2026-12,3.5561679507722794,39.91543430751952,39.91943176200925,resmî YTD + tahmin,12.83088101665074,BIRLESIM_median_3,2026-08
2027-01,3.0986129533633133,41.457371898475756,3.0986129533633133,tahmin,16.327073311226627,BIRLESIM_median_3,2026-08
2027-02,3.1590909463288144,42.00951646298602,6.3555919009636,tahmin,20.00195135233087,BIRLESIM_median_3,2026-08
2027-03,3.1752700562143548,43.393301712093226,9.732669163704436,tahmin,23.812337380494352,BIRLESIM_median_3,2026-08
2027-04,3.2265062843107906,41.477549291239846,13.27320063021333,tahmin,27.80715022682808,BIRLESIM_median_3,2026-08
2027-05,3.40676684056291,43.33842443178942,17.132154468527734,tahmin,32.161241840624086,BIRLESIM_median_3,2026-08
2027-06,3.6136636674244818,45.19795144133079,21.364916577428442,tahmin,36.93710461943572,BIRLESIM_median_3,2026-08
2027-07,3.502334218697402,46.04788044655797,25.615521580213276,tahmin,41.73309969261568,BIRLESIM_median_3,2026-08
2027-08,3.8220108729392988,47.15015417342134,30.41656047310844,tahmin,47.15015417342135,BIRLESIM_median_3,2026-08
