tarih,aylik_pct,yillik_pct,ytd_pct,ytd_kaynak,kumulatif_2026-09_sonrasi_pct,model,veri_kesimi
2026-10,3.3172965141993553,37.98776052336039,32.39677615649288,resmî YTD + tahmin,3.3172965141993553,LightGBM_wtum,2026-09
2026-11,3.186100588649504,41.23636146404119,36.61507062096785,resmî YTD + tahmin,6.609089506615014,LightGBM_wtum,2026-09
2026-12,3.078401340799412,40.816557327605786,40.8206307866978,resmî YTD + tahmin,9.890945147400696,LightGBM_wtum,2026-09
2027-01,3.3081870943720957,42.65782576073376,3.3081870943720957,tahmin,13.526343212650524,LightGBM_wtum,2026-09
2027-02,2.9524578013188827,42.92778943400848,6.358317723640992,tahmin,16.878160589384475,LightGBM_wtum,2026-09
2027-03,2.9766421030365713,44.04268385395974,9.524224189084297,tahmin,20.357205126742787,LightGBM_wtum,2026-09
2027-04,3.0238479247123995,41.83924342660141,12.836070169283278,tahmin,23.996623976209648,LightGBM_wtum,2026-09
2027-05,2.970104211016518,43.09804384930761,16.187419040926713,tahmin,27.679452926445368,LightGBM_wtum,2026-09
2027-06,2.8816902282857457,43.93042907414274,19.53558054192651,tahmin,31.358779244955443,LightGBM_wtum,2026-09
2027-07,3.252245135952244,44.423128719982245,23.423170645833594,tahmin,35.630888753595755,LightGBM_wtum,2026-09
2027-08,3.758046923903154,45.42349034953727,28.061471313673085,tahmin,40.72796119626277,LightGBM_wtum,2026-09
2027-09,3.2156805123777414,45.2533228199175,32.17951909057108,tahmin,45.2533228199175,LightGBM_wtum,2026-09
