target,pred,n_cal,lo80,hi80,yontem80,lo95,hi95,yontem95
m1,3.1649341412114005,60,0.6609575014793392,5.668910780943461,conformal (mutlak hata kuantili),-4.566082240892821,10.895950523315623,conformal (mutlak hata kuantili)
m2,3.1994190049415545,60,0.5406543493011755,5.8581836605819335,conformal (mutlak hata kuantili),-4.661062465017443,11.059900474900552,conformal (mutlak hata kuantili)
m3,3.109016426557655,60,0.38876080922130063,5.82927204389401,conformal (mutlak hata kuantili),-4.951053828353976,11.169086681469286,conformal (mutlak hata kuantili)
m4,3.435236730528582,60,0.9291599961834209,5.941313464873742,conformal (mutlak hata kuantili),-4.700644571109612,11.571118032166774,conformal (mutlak hata kuantili)
m5,3.4826923046241154,60,0.9104066433171649,6.054977965931066,conformal (mutlak hata kuantili),-4.921819367325079,11.88720397657331,conformal (mutlak hata kuantili)
m6,3.4953673197698416,60,0.7940763445100094,6.196658295029674,conformal (mutlak hata kuantili),-4.505709623091293,11.496444262630977,conformal (mutlak hata kuantili)
m7,3.51431887597763,60,0.9139921537538958,6.114645598201363,conformal (mutlak hata kuantili),-4.633900651449363,11.662538403404621,conformal (mutlak hata kuantili)
m8,3.5234405904246655,60,0.16278600710251911,6.884095173746812,conformal (mutlak hata kuantili),-4.574730662580483,11.621611843429815,conformal (mutlak hata kuantili)
m9,3.5222499127896336,60,0.05109111492516627,6.993408710654101,conformal (mutlak hata kuantili),-4.62049082944242,11.664990655021686,conformal (mutlak hata kuantili)
m10,3.5158331251424335,60,0.0024717342728317604,7.029194516012035,conformal (mutlak hata kuantili),-4.554008765972705,11.585675016257573,conformal (mutlak hata kuantili)
m11,3.4062241427971,60,-0.18609265673349062,6.99854094232769,conformal (mutlak hata kuantili),-4.784803650653123,11.597251936247323,conformal (mutlak hata kuantili)
m12,3.7212694830376982,60,0.031837127963353584,7.410701838112043,conformal (mutlak hata kuantili),-4.4888208475126365,11.931359813588033,conformal (mutlak hata kuantili)
c6,21.608279409621513,60,0.5002520418729297,42.71630677737009,conformal (mutlak hata kuantili),-28.17239547598177,71.38895429522479,conformal (mutlak hata kuantili)
c12,49.78118349493095,60,4.800202340936536,94.76216464892536,conformal (mutlak hata kuantili),-45.53141822833921,145.0937852182011,conformal (mutlak hata kuantili)
yearend,40.80710447704776,32,28.440193748918436,53.174015205177085,conformal (mutlak hata kuantili),15.544407868612392,66.06980108548312,conformal (mutlak hata kuantili)
yoy1,34.79022307893285,60,30.682725295000953,38.897720862864745,conformal (mutlak hata kuantili),23.27506746871315,46.30537868915255,conformal (mutlak hata kuantili)
yoy2,37.60135866849143,60,29.87718876369583,45.32552857328702,conformal (mutlak hata kuantili),16.787784496449213,58.414932840533645,conformal (mutlak hata kuantili)
yoy3,40.73564889409901,60,29.622765291132495,51.84853249706552,conformal (mutlak hata kuantili),14.208077740564551,67.26322004763347,conformal (mutlak hata kuantili)
yoy4,40.80308166202563,60,27.220799881738095,54.38536344231317,conformal (mutlak hata kuantili),6.596230228981732,75.00993309506953,conformal (mutlak hata kuantili)
yoy5,42.88512431673571,60,25.304562089818894,60.46568654365253,conformal (mutlak hata kuantili),-1.1215787182263526,86.89182735169777,conformal (mutlak hata kuantili)
yoy6,43.9104344741192,60,18.208749702683203,69.61211924555519,conformal (mutlak hata kuantili),-13.4238364052894,101.24470535352779,conformal (mutlak hata kuantili)
yoy7,45.79026149773985,60,15.817234455278868,75.76328854020083,conformal (mutlak hata kuantili),-17.674042964240847,109.25456595972054,conformal (mutlak hata kuantili)
yoy8,44.2562528477968,60,13.552564194061894,74.95994150153172,conformal (mutlak hata kuantili),-28.698836178368424,117.21134187396203,conformal (mutlak hata kuantili)
yoy9,46.31689884506328,60,14.130704915446863,78.50309277467969,conformal (mutlak hata kuantili),-35.77255236668172,128.40635005680826,conformal (mutlak hata kuantili)
yoy10,48.07512300459314,60,11.594912383980443,84.55533362520583,conformal (mutlak hata kuantili),-37.984986028038335,134.13523203722463,conformal (mutlak hata kuantili)
yoy11,48.80358949839853,60,9.693586300292793,87.91359269650427,conformal (mutlak hata kuantili),-43.98429952258068,141.59147851937774,conformal (mutlak hata kuantili)
yoy12,49.78118349493095,60,4.800202340936536,94.76216464892536,conformal (mutlak hata kuantili),-45.53141822833921,145.0937852182011,conformal (mutlak hata kuantili)
