olcu,tanim,deger_pct,donem,rol,model
2026 yılsonu enflasyonu (Ara 2026/Ara 2025),"Gerçekleşmiş YTD (%28.1458, 2026-09) + 3 aylık tahmin",39.93349232401064,2026-01 → 2026-12,ana,BIRLESIM_mean_3
Gelecek 6 ayın BİLEŞİK enflasyonu,Başlangıç sonrası 6 ayın bileşiği (yıllık enflasyon DEĞİLDİR),19.72427971795825,2026-10 → 2027-03,ana,BIRLESIM_mean_3
Gelecek 12 ayın BİLEŞİK enflasyonu,Başlangıç sonrası 12 ayın bileşiği,44.48668393401779,2026-10 → 2027-09,ana,BIRLESIM_mean_3
Temmuz–Aralık 2026 bileşik değişimi (2. dönem),3 ay gerçekleşme + 3 ay tahmin,19.649479200844116,2026-07 → 2026-12,ana,BIRLESIM_mean_3
Ocak–Haziran 2027 bileşik değişimi (1. dönem),Tamamı tahmin (takvim yarıyılı),19.758537996672253,2027-01 → 2027-06,ana,BIRLESIM_mean_3
2027-02 YILLIK enflasyonu,12 aylık geriye dönük değişim (6 aylık bileşik DEĞİLDİR),42.00136118335365,2026-03 → 2027-02,ana,BIRLESIM_mean_3
2026 yılsonu enflasyonu (Ara 2026/Ara 2025),"Gerçekleşmiş YTD (%28.1458, 2026-09) + 3 aylık tahmin",40.45760201182391,2026-01 → 2026-12,alternatif1,BIRLESIM_median_3
Gelecek 6 ayın BİLEŞİK enflasyonu,Başlangıç sonrası 6 ayın bileşiği (yıllık enflasyon DEĞİLDİR),20.18826546460028,2026-10 → 2027-03,alternatif1,BIRLESIM_median_3
Gelecek 12 ayın BİLEŞİK enflasyonu,Başlangıç sonrası 12 ayın bileşiği,45.0997077962727,2026-10 → 2027-09,alternatif1,BIRLESIM_median_3
Temmuz–Aralık 2026 bileşik değişimi (2. dönem),3 ay gerçekleşme + 3 ay tahmin,20.09761674211104,2026-07 → 2026-12,alternatif1,BIRLESIM_median_3
Ocak–Haziran 2027 bileşik değişimi (1. dönem),Tamamı tahmin (takvim yarıyılı),19.676313903653625,2027-01 → 2027-06,alternatif1,BIRLESIM_median_3
2027-02 YILLIK enflasyonu,12 aylık geriye dönük değişim (6 aylık bileşik DEĞİLDİR),42.51054916080045,2026-03 → 2027-02,alternatif1,BIRLESIM_median_3
2026 yılsonu enflasyonu (Ara 2026/Ara 2025),"Gerçekleşmiş YTD (%28.1458, 2026-09) + 3 aylık tahmin",40.8206307866978,2026-01 → 2026-12,alternatif2,LightGBM_wtum
Gelecek 6 ayın BİLEŞİK enflasyonu,Başlangıç sonrası 6 ayın bileşiği (yıllık enflasyon DEĞİLDİR),20.357205126742787,2026-10 → 2027-03,alternatif2,LightGBM_wtum
Gelecek 12 ayın BİLEŞİK enflasyonu,Başlangıç sonrası 12 ayın bileşiği,45.2533228199175,2026-10 → 2027-09,alternatif2,LightGBM_wtum
Temmuz–Aralık 2026 bileşik değişimi (2. dönem),3 ay gerçekleşme + 3 ay tahmin,20.408022800926496,2026-07 → 2026-12,alternatif2,LightGBM_wtum
Ocak–Haziran 2027 bileşik değişimi (1. dönem),Tamamı tahmin (takvim yarıyılı),19.53558054192651,2027-01 → 2027-06,alternatif2,LightGBM_wtum
2027-02 YILLIK enflasyonu,12 aylık geriye dönük değişim (6 aylık bileşik DEĞİLDİR),42.92778943400848,2026-03 → 2027-02,alternatif2,LightGBM_wtum
