asama,hedef,seviye,kapsama,n,ortalama_genislik,interval_score,WIS_yaklasik,model
geliştirme,c12,%80,0.5903614457831325,83,30.181744244318196,146.27772141109583,16.00966690680619,BIRLESIM_mean_3
geliştirme,c12,%95,0.6438356164383562,73,74.02916786185216,463.33871423733797,16.00966690680619,BIRLESIM_mean_3
geliştirme,c6,%80,0.6947368421052632,95,17.401102172403185,57.150789008812524,5.75216408961712,BIRLESIM_mean_3
geliştirme,c6,%95,0.8117647058823529,85,49.334177636041204,138.36487237743563,5.75216408961712,BIRLESIM_mean_3
geliştirme,m1,%80,0.7904761904761904,105,3.83236785126866,7.830392011476305,0.8065791714747778,BIRLESIM_mean_3
geliştirme,m1,%95,0.9157894736842105,95,8.136128272002454,17.07065161060471,0.8065791714747778,BIRLESIM_mean_3
geliştirme,m10,%80,0.6781609195402298,87,3.9398188215667433,11.875209494256284,1.257689310649621,BIRLESIM_mean_3
geliştirme,m10,%95,0.8051948051948052,77,9.821366320060505,32.42272016679464,1.257689310649621,BIRLESIM_mean_3
geliştirme,m11,%80,0.6823529411764706,85,3.8601052763584423,12.282060436472833,1.2828246148206983,BIRLESIM_mean_3
geliştirme,m11,%95,0.8133333333333334,75,10.053384431890146,33.054361898497895,1.2828246148206983,BIRLESIM_mean_3
geliştirme,m12,%80,0.6626506024096386,83,3.9157711279217535,12.79065762822375,1.3202729456559832,BIRLESIM_mean_3
geliştirme,m12,%95,0.8082191780821918,73,10.119549521623886,33.91511082207709,1.3202729456559832,BIRLESIM_mean_3
geliştirme,m2,%80,0.7766990291262136,103,3.6930446250351183,8.971279893938213,0.901664617529471,BIRLESIM_mean_3
geliştirme,m2,%95,0.9139784946236559,93,9.395426286616207,19.00211112777253,0.901664617529471,BIRLESIM_mean_3
geliştirme,m3,%80,0.7722772277227723,101,3.965564333779536,9.47543280053033,0.9456809673145351,BIRLESIM_mean_3
geliştirme,m3,%95,0.9010989010989011,91,9.225856197898297,19.755440153229255,0.9456809673145351,BIRLESIM_mean_3
geliştirme,m4,%80,0.7676767676767676,99,4.161810288141147,10.19981038509478,1.0225062905209161,BIRLESIM_mean_3
geliştirme,m4,%95,0.8539325842696629,89,9.29775750445543,22.997655863273025,1.0225062905209161,BIRLESIM_mean_3
geliştirme,m5,%80,0.7628865979381443,97,3.943483137664345,10.316724011424583,1.0593863234473886,BIRLESIM_mean_3
geliştirme,m5,%95,0.8505747126436781,87,9.259787080262335,25.04138660488966,1.0593863234473886,BIRLESIM_mean_3
geliştirme,m6,%80,0.7368421052631579,95,4.025271882458487,10.68211059251647,1.089938778309907,BIRLESIM_mean_3
geliştirme,m6,%95,0.8352941176470589,85,9.189781377670819,25.882603885757096,1.089938778309907,BIRLESIM_mean_3
geliştirme,m7,%80,0.7311827956989247,93,3.9111703906821127,11.005319566147403,1.1383658645787353,BIRLESIM_mean_3
geliştirme,m7,%95,0.8313253012048193,83,9.549957342941726,28.701824220906577,1.1383658645787353,BIRLESIM_mean_3
geliştirme,m8,%80,0.7252747252747253,91,4.001605012459684,11.430715534728703,1.1997190176356145,BIRLESIM_mean_3
geliştirme,m8,%95,0.8395061728395061,81,9.764243524536635,30.80523375832177,1.1997190176356145,BIRLESIM_mean_3
geliştirme,m9,%80,0.6966292134831461,89,3.943191613325158,11.565865494735588,1.2301031170260646,BIRLESIM_mean_3
geliştirme,m9,%95,0.810126582278481,79,9.661357417774491,32.23886865133493,1.2301031170260646,BIRLESIM_mean_3
geliştirme,yearend,%80,0.6666666666666666,15,17.748244921404957,53.817515282370174,3.2647688250698566,BIRLESIM_mean_3
geliştirme,yearend,%95,1.0,6,50.525393216870725,50.525393216870725,3.2647688250698566,BIRLESIM_mean_3
geliştirme,yoy1,%80,0.7238095238095238,105,4.730293398110196,11.396835981090035,1.17042449632686,BIRLESIM_mean_3
geliştirme,yoy1,%95,0.8947368421052632,95,10.926883125071507,24.440391850803625,1.17042449632686,BIRLESIM_mean_3
geliştirme,yoy10,%80,0.6551724137931034,87,27.35261696869566,118.05252926208195,12.758885309328674,BIRLESIM_mean_3
geliştirme,yoy10,%95,0.7012987012987013,77,69.12269133125007,362.04753964544494,12.758885309328674,BIRLESIM_mean_3
geliştirme,yoy11,%80,0.6,85,29.284940666269673,130.72986928490758,14.21703045374043,BIRLESIM_mean_3
geliştirme,yoy11,%95,0.6533333333333333,75,72.2410764648533,406.3582953575509,14.21703045374043,BIRLESIM_mean_3
geliştirme,yoy12,%80,0.5903614457831325,83,30.181744244318196,146.27772141109583,16.00966690680619,BIRLESIM_mean_3
geliştirme,yoy12,%95,0.6438356164383562,73,74.02916786185216,463.33871423733797,16.00966690680619,BIRLESIM_mean_3
geliştirme,yoy2,%80,0.7281553398058253,103,7.8750690983247384,22.73142830592131,2.218222265903114,BIRLESIM_mean_3
geliştirme,yoy2,%95,0.8709677419354839,93,22.397621875398354,45.03251766713758,2.218222265903114,BIRLESIM_mean_3
geliştirme,yoy3,%80,0.7326732673267327,101,11.117447580366699,33.242702198157694,3.25930052234282,BIRLESIM_mean_3
geliştirme,yoy3,%95,0.8681318681318682,91,29.927536293384573,66.7453492013351,3.25930052234282,BIRLESIM_mean_3
geliştirme,yoy4,%80,0.7373737373737373,99,14.371289382566241,45.614015541891725,4.494327522664011,BIRLESIM_mean_3
geliştirme,yoy4,%95,0.8202247191011236,89,37.96176903162875,98.33109414289773,4.494327522664011,BIRLESIM_mean_3
geliştirme,yoy5,%80,0.7216494845360825,97,16.716336563039604,57.40881752365523,5.7521991894711855,BIRLESIM_mean_3
geliştirme,yoy5,%95,0.8160919540229885,87,46.47480188527041,134.21458090701887,5.7521991894711855,BIRLESIM_mean_3
geliştirme,yoy6,%80,0.6631578947368421,95,19.443409085789394,69.2783697297955,7.016628000748487,BIRLESIM_mean_3
geliştirme,yoy6,%95,0.8117647058823529,85,56.00713099382904,171.91563113171463,7.016628000748487,BIRLESIM_mean_3
geliştirme,yoy7,%80,0.6559139784946236,93,20.736004746337997,81.7410931700203,8.291282336724779,BIRLESIM_mean_3
geliştirme,yoy7,%95,0.8072289156626506,83,60.28875698697531,205.65003128659197,8.291282336724779,BIRLESIM_mean_3
geliştirme,yoy8,%80,0.6593406593406593,91,22.584775137700724,93.1775446241042,9.629277107673875,BIRLESIM_mean_3
geliştirme,yoy8,%95,0.7654320987654321,81,65.36061538688321,250.62421059366284,9.629277107673875,BIRLESIM_mean_3
geliştirme,yoy9,%80,0.6741573033707865,89,25.169726247476387,104.75275291791624,11.163835577015115,BIRLESIM_mean_3
geliştirme,yoy9,%95,0.7341772151898734,79,68.32298283391724,306.479944358947,11.163835577015115,BIRLESIM_mean_3
nihai test,c12,%80,1.0,13,89.96196230798884,89.96196230798884,8.296893386240082,BIRLESIM_mean_3
nihai test,c12,%95,1.0,13,190.6252034465403,190.6252034465403,8.296893386240082,BIRLESIM_mean_3
nihai test,c6,%80,1.0,19,42.216054735497174,42.216054735497174,3.767434661974162,BIRLESIM_mean_3
nihai test,c6,%95,1.0,19,99.56134977120657,99.56134977120657,3.767434661974162,BIRLESIM_mean_3
nihai test,m1,%80,0.9166666666666666,24,4.823135641137619,5.218537169992653,0.5893097070933172,BIRLESIM_mean_3
nihai test,m1,%95,1.0,24,15.462032764208445,15.462032764208445,0.5893097070933172,BIRLESIM_mean_3
nihai test,m10,%80,1.0,15,7.026722781739204,7.026722781739204,0.6978450851569884,BIRLESIM_mean_3
nihai test,m10,%95,1.0,15,16.139683782230286,16.139683782230286,0.6978450851569884,BIRLESIM_mean_3
nihai test,m11,%80,1.0,14,7.184633599061184,7.184633599061184,0.6957228253188587,BIRLESIM_mean_3
nihai test,m11,%95,1.0,14,16.382055586900442,16.382055586900442,0.6957228253188587,BIRLESIM_mean_3
nihai test,m12,%80,1.0,13,7.378864710148689,7.378864710148689,0.7199637142068783,BIRLESIM_mean_3
nihai test,m12,%95,1.0,13,16.420180661100666,16.420180661100666,0.7199637142068783,BIRLESIM_mean_3
nihai test,m2,%80,0.8695652173913043,23,4.997803705145691,5.677296960786532,0.624106300158315,BIRLESIM_mean_3
nihai test,m2,%95,1.0,23,15.720962939917987,15.720962939917987,0.624106300158315,BIRLESIM_mean_3
nihai test,m3,%80,0.9090909090909091,22,5.375894352485212,5.726939382863817,0.661066541425368,BIRLESIM_mean_3
nihai test,m3,%95,1.0,22,16.120140509823266,16.120140509823266,0.661066541425368,BIRLESIM_mean_3
nihai test,m4,%80,0.9523809523809523,21,4.9284887880543575,5.173133305217961,0.6206000334910646,BIRLESIM_mean_3
nihai test,m4,%95,1.0,21,16.271762603276386,16.271762603276386,0.6206000334910646,BIRLESIM_mean_3
nihai test,m5,%80,0.9,20,4.6799814078959,4.880123449245611,0.5915452958512852,BIRLESIM_mean_3
nihai test,m5,%95,1.0,20,16.80902334389839,16.80902334389839,0.5915452958512852,BIRLESIM_mean_3
nihai test,m6,%80,1.0,19,5.2244800125144994,5.2244800125144994,0.5938081156586964,BIRLESIM_mean_3
nihai test,m6,%95,1.0,19,16.002153885722272,16.002153885722272,0.5938081156586964,BIRLESIM_mean_3
nihai test,m7,%80,0.9444444444444444,18,4.952743553984904,4.952830189542805,0.5850859593377428,BIRLESIM_mean_3
nihai test,m7,%95,1.0,18,16.296439054853984,16.296439054853984,0.5850859593377428,BIRLESIM_mean_3
nihai test,m8,%80,1.0,17,6.721309166644293,6.721309166644293,0.6818007194778697,BIRLESIM_mean_3
nihai test,m8,%95,1.0,17,16.196342506010296,16.196342506010296,0.6818007194778697,BIRLESIM_mean_3
nihai test,m9,%80,1.0,16,6.942317595728936,6.942317595728936,0.7081557404502752,BIRLESIM_mean_3
nihai test,m9,%95,1.0,16,16.285481484464107,16.285481484464107,0.7081557404502752,BIRLESIM_mean_3
nihai test,yearend,%80,1.0,5,25.37385965757546,25.37385965757546,2.6368651164235777,BIRLESIM_mean_3
nihai test,yearend,%95,1.0,5,50.525393216870725,50.525393216870725,2.6368651164235777,BIRLESIM_mean_3
nihai test,yoy1,%80,0.9583333333333334,24,8.174813764417967,8.3035661306695,0.8782194564190116,BIRLESIM_mean_3
nihai test,yoy1,%95,1.0,24,23.030311220439398,23.030311220439398,0.8782194564190116,BIRLESIM_mean_3
nihai test,yoy10,%80,1.0,15,72.96042124122538,72.96042124122538,7.009168922321018,BIRLESIM_mean_3
nihai test,yoy10,%95,1.0,15,172.12021806526297,172.12021806526297,7.009168922321018,BIRLESIM_mean_3
nihai test,yoy11,%80,1.0,14,78.22000639621147,78.22000639621147,7.62882778508859,BIRLESIM_mean_3
nihai test,yoy11,%95,1.0,14,185.57577804195847,185.57577804195847,7.62882778508859,BIRLESIM_mean_3
nihai test,yoy12,%80,1.0,13,89.96196230798884,89.96196230798884,8.296893386240082,BIRLESIM_mean_3
nihai test,yoy12,%95,1.0,13,190.6252034465403,190.6252034465403,8.296893386240082,BIRLESIM_mean_3
nihai test,yoy2,%80,0.9130434782608695,23,14.862265442379648,15.398768291355056,1.5311791365641285,BIRLESIM_mean_3
nihai test,yoy2,%95,1.0,23,41.62714834408442,41.62714834408442,1.5311791365641285,BIRLESIM_mean_3
nihai test,yoy3,%80,0.9545454545454546,22,21.718487008700773,22.175760605065587,2.196437131501197,BIRLESIM_mean_3
nihai test,yoy3,%95,1.0,22,53.05514230706892,53.05514230706892,2.196437131501197,BIRLESIM_mean_3
nihai test,yoy4,%80,0.9523809523809523,21,26.772914591806057,27.143327571364928,2.6843013413905306,BIRLESIM_mean_3
nihai test,yoy4,%95,1.0,21,68.41370286608779,68.41370286608779,2.6843013413905306,BIRLESIM_mean_3
nihai test,yoy5,%80,1.0,20,35.16112445383364,35.16112445383364,3.366154064185575,BIRLESIM_mean_3
nihai test,yoy5,%95,1.0,20,88.0134060699241,88.0134060699241,3.366154064185575,BIRLESIM_mean_3
nihai test,yoy6,%80,1.0,19,51.40336954287201,51.40336954287201,4.514069172720671,BIRLESIM_mean_3
nihai test,yoy6,%95,1.0,19,114.66854175881721,114.66854175881721,4.514069172720671,BIRLESIM_mean_3
nihai test,yoy7,%80,1.0,18,59.94605408492196,59.94605408492196,5.246984513696292,BIRLESIM_mean_3
nihai test,yoy7,%95,1.0,18,126.92860892396136,126.92860892396136,5.246984513696292,BIRLESIM_mean_3
nihai test,yoy8,%80,1.0,17,61.40737730746982,61.40737730746982,5.742957522172939,BIRLESIM_mean_3
nihai test,yoy8,%95,1.0,17,145.91017805233045,145.91017805233045,5.742957522172939,BIRLESIM_mean_3
nihai test,yoy9,%80,1.0,16,64.37238785923284,64.37238785923284,6.280340982560924,BIRLESIM_mean_3
nihai test,yoy9,%95,1.0,16,164.17890242349,164.17890242349,6.280340982560924,BIRLESIM_mean_3
