hedef,model_A,model_B,MAE_farki_A_eksi_B,boot_lo95,boot_hi95,n,n_blok(yil),DM_istatistigi,DM_p,DM_notu
yearend,BIRLESIM_mean_3,naive_mevsimsel_12,-1.3468163481139204,-1.7739473377490356,-1.0620623550238428,5,2,,,Örnek sayısı testin geçerliliği için yetersiz.
yearend,BIRLESIM_mean_3,BIRLESIM_median_3,0.26117835484852847,0.12225969074755039,0.4695563509999978,5,2,,,Örnek sayısı testin geçerliliği için yetersiz.
yearend,BIRLESIM_mean_3,LightGBM_wtum,-0.5205189096570537,-2.164481345661386,0.5754560476791684,5,2,,,Örnek sayısı testin geçerliliği için yetersiz.
c6,BIRLESIM_mean_3,naive_mevsimsel_12,-1.6449595701101494,-5.187400128591649,2.6846900013672403,20,2,-0.43533408881438984,0.6682250565678907,
c6,BIRLESIM_mean_3,BIRLESIM_median_3,0.2646912323952657,0.16987033152428843,0.38058344457090687,20,2,1.6934510977433803,0.10670127564575416,
c6,BIRLESIM_mean_3,LightGBM_wtum,0.29357328642455016,-0.3999321224425456,1.1411910083732217,20,2,0.4192716587326145,0.6797198128324982,
c12,BIRLESIM_mean_3,naive_mevsimsel_12,2.92247199496655,-6.505634906668689,8.16030916254168,14,2,0.17056112946978172,0.8671948030002967,
c12,BIRLESIM_mean_3,BIRLESIM_median_3,0.6634262317184536,0.4575099286465836,1.0340755772478119,14,2,0.661405923772374,0.5199031690437255,
c12,BIRLESIM_mean_3,LightGBM_wtum,0.6752911320122692,-1.8905994912359176,2.100785922705704,14,2,0.20255410470154814,0.8426192103599239,
