model,n_baslangic,ort_sn_baslangic,medyan_sn,en_uzun_sn,toplam_sn,asama,tepe_bellek_mb_surec
BIRLESIM_mean_3,0,,,,0.0,geliştirme,932.9
BIRLESIM_median_3,0,,,,0.0,geliştirme,932.9
naive_son_ay,116,1.7315172405280213e-05,1.4114499890638399e-05,8.562700008951651e-05,0.0020085599990125047,geliştirme,932.9
naive_mevsimsel_12,116,3.736737069606659e-05,3.143100013858202e-05,0.00012622200006262574,0.0043346150007437245,geliştirme,932.9
ortalama_6ay,116,4.456536207295232e-05,3.997049998361035e-05,0.00011899199989784393,0.005169582000462469,geliştirme,932.9
ortalama_3ay,116,4.496218102092136e-05,4.173050001554657e-05,0.00014891299997543683,0.005215612998426877,geliştirme,932.9
ortalama_12ay,116,4.5907094843265626e-05,4.108600001018203e-05,8.92900000053487e-05,0.005325223001818813,geliştirme,932.9
AutoTheta_w60,116,0.007189116870692707,0.006856223500108172,0.02775831000008111,0.833937557000354,geliştirme,932.9
AutoTheta_w120,116,0.007558354818974263,0.007561839000004511,0.010425092000104996,0.8767691590010145,geliştirme,932.9
AutoTheta_wtum,116,0.010742580327585387,0.01059648400007518,0.014767810999956055,1.246139317999905,geliştirme,932.9
ETS_damped_seasonal_w60,116,0.05097850456897488,0.04334884549996332,0.848957233999954,5.9135065300010865,geliştirme,932.9
ETS_damped_seasonal_w120,116,0.05276013463792189,0.05113264999999956,0.14959267900007944,6.120175617998939,geliştirme,932.9
Ridge_w120,116,0.08180136012068598,0.07615086399994198,0.18513914599998316,9.488957773999573,geliştirme,932.9
UCM_llt_seasonal_w120,116,0.09635861007758265,0.09211484950003523,0.23061728199991194,11.177598768999587,geliştirme,932.9
ETS_damped_seasonal_wtum,116,0.09855088912928914,0.09403128650001236,0.1459827099999984,11.43190313899754,geliştirme,932.9
LightGBM_w120,116,0.11407564664653262,0.11224162500002421,0.1481305859999793,13.232775010997784,geliştirme,932.9
Ridge_wtum,116,0.11613795654308832,0.11336528100002852,0.239153030000125,13.472002958998246,geliştirme,932.9
Ridge_sepet_wtum,116,0.1950322027758567,0.2115840974998946,0.31235855999989326,22.62373552199938,geliştirme,932.9
SARIMA_w60,116,0.20179666566380366,0.1945034709999618,0.32964267400006975,23.408413217001225,geliştirme,932.9
LightGBM_sepet_wtum,116,0.23631143000862126,0.24649862199999006,0.3802269210000304,27.412125881000065,geliştirme,932.9
UCM_llt_seasonal_wtum,116,0.2468355591207075,0.24244617199997265,0.45197659800010115,28.63292485800207,geliştirme,932.9
SARIMA_w120,116,0.2591110293620867,0.24974693750004917,0.44131591099994694,30.056879406002054,geliştirme,932.9
LightGBM_wtum,116,0.29260747456897146,0.28218051900000773,0.38829882400000315,33.94246705000069,geliştirme,932.9
SARIMA_wtum,116,0.91654666840518,0.9055257935000327,1.3280436059999374,106.31941353500088,geliştirme,932.9
ElasticNet_wtum,116,1.856642960224143,1.828993878999995,2.2322136910001973,215.3705833860006,geliştirme,932.9
